,id,ticker,date,time,Old,ClosestNeighbor,length,closest1,closest2,OldNews,span,Reprint,Recombination
0,A7186S972M,BA,20150224,10:00:44,0.33,0.05,407,UTBGWCGZPC,VDFQEFZZKG,False,0.15151515151515152,False,False
1,AD676TTDS4,BAC,20150224,12:13:19,0.63,0.11,271,RACFHISWOW,TPNEHGLCJC,True,0.1746031746031746,False,True
2,C7Z16KLVRE,JPM,20150225,12:16:13,0.16,0.04,98,PSPYXMGDZL,GXOBQGIXJK,False,0.25,False,False
3,CFNR6S972O,HPQ,20150225,15:02:15,0.15,0.03,178,GIMZXBSEWX,ZYOHBXFJXO,False,0.2,False,False
4,E4ON6JIJUR,CMCSA,20150226,13:00:23,0.1,0.02,298,IZBWTBNLUP,JHXAECOFVL,False,0.19999999999999998,False,False
5,E4ON6JIJUR,VZ,20150226,13:00:23,0.29,0.27,160,EUNHUPLRKF,YCLFBIGDMC,False,0.9310344827586208,False,False
6,FWPF6TTDSE,KKR,20150227,12:03:15,0.71,0.52,59,DONFCGLDHG,KDNMXAGHGT,True,0.7323943661971831,False,True
8,8TAW6K50XY,SF,20150223,16:06:32,0.07,0.02,343,PQJNIPIJUS,TTFNYRKMNP,False,0.2857142857142857,False,False
9,9VXX6K50YG,HD,20150224,06:01:09,0.84,0.52,400,VKPCWAAXBQ,HJEMPDYORB,True,0.6190476190476191,False,True
10,9YP56K50Y9,CMCSA,20150224,07:00:41,0.91,0.45,135,BUBWPAFEYK,SUYDJOSSPP,True,0.4945054945054945,False,True
11,A70T6S972G,BA,20150224,10:00:29,0.83,0.21,234,YSETNVDMAF,GKDYFAZNVT,True,0.25301204819277107,False,True
12,ANXC6K50XX,HPQ,20150224,16:05:36,0.38,0.02,420,ZDGHORHGFV,WQZIVSCZWU,False,0.05263157894736842,False,False
13,BQM76K50Y6,LOW,20150225,06:01:19,0.24,0.23,256,ZEGPZKKELB,QNDRPXRJSH,False,0.9583333333333334,False,False
14,BTEU6K50Y6,SPG,20150225,07:01:42,0.36,0.1,324,XQGVLMOEVU,GVBBCTFOXO,False,0.2777777777777778,False,False
15,BW6B6K50Y5,TGT,20150225,08:01:23,1.0,0.89,406,TTARNMNBBH,GIKTRDQADU,True,0.89,True,False
17,D6YO6S972A,LIVN,20150226,00:52:00,0.19,0.03,459,LNBRUFFZTJ,VHSFJPQCDI,False,0.15789473684210525,False,False
18,E4NR6JIJUR,CHTR,20150226,12:59:51,0.86,0.81,395,TPGHYZHDYU,XCKVCQANRF,True,0.9418604651162792,True,False
19,E4NR6JIJUR,CMCSA,20150226,12:59:51,0.12,0.11,15,TFLEDUCTWR,UDOFDDOPAO,False,0.9166666666666667,False,False
21,E4NR6JIJUR,GOOGL,20150226,12:59:51,0.75,0.2,458,NWFJUARWXL,FTAENKJNQC,True,0.26666666666666666,False,True
22,E4NR6JIJUR,NFLX,20150226,12:59:51,0.29,0.23,175,WLZZSKMXNP,SEHTRIGCGY,False,0.7931034482758622,False,False
23,E4NR6JIJUR,T,20150226,12:59:51,0.09,0.03,472,SPOZKBTZVL,YSPBSSMTIG,False,0.3333333333333333,False,False
24,FWP76TTDT6,KKR,20150227,12:03:07,0.19,0.01,149,RJDKDOPGVN,MHPMFUKKFQ,False,0.05263157894736842,False,False
25,G0DQ6JIK4Y,AIG,20150227,13:22:38,0.73,0.53,164,GZEXLKXUNH,SEMACVTTYL,True,0.726027397260274,False,True
28,T3T36KLVRU,GS,20150306,15:05:27,0.16,0.02,4,XQQVMKCHHG,VCIZBEPOAC,False,0.125,False,False
29,T3T36KLVRU,LC,20150306,15:05:27,0.57,0.32,36,YIRIJINFZX,CGXFWKXWBR,False,0.5614035087719299,False,False
30,T3T36KLVRU,MS,20150306,15:05:27,0.79,0.34,424,HNUMLCEJCW,TVMXWPGDCO,True,0.43037974683544306,False,True
31,RCY26JIJV4,ALLY,20150305,16:30:00,0.16,0.16,11,GFZZZDWZBU,CQPERLXWHY,False,1.0,False,False
32,RCY26JIJV4,AXP,20150305,16:30:00,0.39,0.3,133,HGPRUGQOHG,QZBTNQKDSH,False,0.7692307692307692,False,False
33,RCY26JIJV4,BAC,20150305,16:30:00,1.01,0.29,136,SKRJQTLLRU,NRDZECIMBB,True,0.2871287128712871,False,True
34,RCY26JIJV4,BBT,20150305,16:30:00,0.92,0.5,213,LBBVDVFTFU,UTNLIOCVJQ,True,0.5434782608695652,False,True
36,61TN6S972I,WLL,20150313,15:51:23,0.64,0.1,468,ENITERFXNS,QEFKJTDMKF,True,0.15625,False,True
37,60E36KLVRA,C,20150313,15:20:27,0.88,0.18,66,HWNFBRRJWN,IHLKQGUTXJ,True,0.20454545454545453,False,True
38,60E36KLVRA,JPM,20150313,15:20:27,0.08,0.09,256,YAKMHJNTOJ,HHUECFABCI,False,1.125,False,False
40,2DMM6K50YE,ALLY,20150311,16:30:00,0.06,0.02,6,OKNIMHRHVW,CDYSIGFOPH,False,0.33333333333333337,False,False
41,2DMM6K50YE,AXP,20150311,16:30:00,0.15,0.04,310,HMGQWTQTEV,TPGNCNMONP,False,0.26666666666666666,False,False
42,2DMM6K50YE,BAC,20150311,16:30:00,0.84,0.64,171,HPHGPXKQVS,WVTWATJXJQ,True,0.761904761904762,False,True
43,2DMM6K50YE,BBT,20150311,16:30:00,0.6,0.17,27,QOCXZRHUER,PJNGFYTWAH,False,0.2833333333333334,False,False
44,26OZ6S972O,AGN,20150311,13:46:11,0.01,0.01,170,NCXZSTHHFP,TRGNKDTSGQ,False,1.0,False,False
45,26OZ6S972O,ENDP,20150311,13:46:11,0.82,0.64,293,RNZHJPZQIN,PDOAUFKONQ,True,0.7804878048780488,False,True
46,26OZ6S972O,SLXP,20150311,13:46:11,0.6,0.2,292,ZRECEOXFCY,WXDLFVWIDX,False,0.33333333333333337,False,False
47,ZOL76S972W,VRSK,20150310,05:19:55,0.62,0.2,227,VXJDJHSCVH,COCSQBSUSI,True,0.32258064516129037,False,True
48,DL4B6JIJUU,WFC,20150317,17:31:23,0.55,0.34,131,EHWINXGZNT,QFDGVHGPVZ,False,0.6181818181818182,False,False
49,DE4X6S972A,BGCP,20150317,15:00:33,0.02,0.02,265,WRMOSGEPFF,CNINOTQCIJ,False,1.0,False,False
50,DE4X6S972A,CME,20150317,15:00:33,0.19,0.16,65,RKFOTCUBUJ,SLCRTXSYHV,False,0.8421052631578947,False,False
51,DE4X6S972A,GFIG,20150317,15:00:33,0.27,0.14,100,YGMDFMIBHD,GGYNYXMRPT,False,0.5185185185185185,False,False
52,DDNK6S972C,BGC,20150317,14:50:08,0.27,0.22,488,SNIJWQSESF,OCQNYXQUCC,False,0.8148148148148148,False,False
53,B7F46S9728,PG,20150316,10:40:16,0.55,0.4,239,UWUVOHQOMB,KEPRRUMKND,False,0.7272727272727273,False,False
55,VZTC6KLVR6,INTC,20150327,16:05:36,0.04,0.04,437,XLDHLYFCQC,KPITRDJLSZ,False,1.0,False,False
60,31XA6TTDSI,CME,20150331,11:34:22,0.75,0.22,93,JXJHNRFGFO,FMYNPNAJXQ,True,0.29333333333333333,False,True
61,SMYU6JTSE9,AAPL,20150306,09:01:42,0.17,0.15,169,LFCEMIJRFI,VHVDUNEXOI,False,0.8823529411764705,False,False
62,RA6T6TTDSF,ALLY,20150305,16:30:00,0.77,0.4,173,MSXKWKWZHZ,RULWJHHQRQ,True,0.5194805194805195,False,True
63,RA6T6TTDSF,AXP,20150305,16:30:00,0.11,0.05,422,ZADYTBUJST,CSBAGLKPJG,False,0.4545454545454546,False,False
64,RA6T6TTDSF,BAC,20150305,16:30:00,0.79,0.42,382,HIONFQEGCR,XWOYTYUCEG,True,0.5316455696202531,False,True
65,RA6T6TTDSF,BBT,20150305,16:30:00,0.72,0.69,469,ZSESPQFZXQ,BFOYGHWEKN,True,0.9583333333333333,True,False
66,QZVR6KLVRW,AAL,20150305,11:45:27,0.02,0.03,25,SENKJBVIIQ,GMGAPUPOMX,False,1.5,False,False
67,QZVR6KLVRW,DAL,20150305,11:45:27,0.8,0.01,269,ZSZLFHAUJW,FBMNDHUYPQ,True,0.012499999999999999,False,True
68,QZVR6KLVRW,JBLU,20150305,11:45:27,0.71,0.49,322,UKZHAWRNPN,ZRAQPLZXMB,True,0.6901408450704225,False,True
69,QZVR6KLVRW,LUV,20150305,11:45:27,0.41,0.41,125,GJFDTNXPHR,KDXYZUHRJK,False,1.0,False,False
70,QZVR6KLVRW,UAL,20150305,11:45:27,0.29,0.16,124,HFDGVCRBUS,XKYLXQMOBF,False,0.5517241379310346,False,False
71,PZXK6K50XZ,ABBV,20150304,22:48:56,0.72,0.44,442,JRWPKHFEGU,ZCVJVSADSZ,True,0.6111111111111112,False,True
72,PZXK6K50XZ,JNJ,20150304,22:48:56,0.21,0.1,196,NFICLHNDOR,LUBIXCVIGE,False,0.4761904761904762,False,False
73,OVH0HHR9XC,ADP,20150304,08:15:00,0.59,0.24,435,HGPSDWPLPW,UIVTRWZPXR,False,0.4067796610169492,False,False
74,OV9L6JIJV7,XOM,20150304,08:10:33,0.69,0.38,327,NTLYHFXPCC,OOIZGQICPN,True,0.5507246376811594,False,True
75,N3YN6K50YN,GM,20150303,09:30:00,0.65,0.52,45,GFHYBVCGYJ,VOFGECOGIM,True,0.8,True,False
76,N3LT6K50YX,F,20150303,09:15:29,0.98,0.17,140,NEJOLBIBGT,MFFOAJHPTX,True,0.17346938775510207,False,True
77,N02B6JIJUO,FCAU,20150303,07:58:59,0.03,0.02,46,NVBFXHDXTC,LUDJOYYZSG,False,0.6666666666666667,False,False
78,MVZ56K50YL,C,20150303,06:30:41,0.76,0.39,297,PRWAJGARBP,EUSTBPATBQ,True,0.5131578947368421,False,True
79,MVZ56K50YL,OMF,20150303,06:30:41,0.21,0.19,8,IKIRRUTWBU,OZJGTGKZQB,False,0.9047619047619048,False,False
80,LLGX6K50Y1,GNW,20150302,13:46:09,0.67,0.47,335,XODMLMYUEU,NAZKTZKRXE,True,0.7014925373134328,False,True
81,L6VI6K50XS,HPQ,20150302,08:30:54,1.01,0.74,81,CIOEQKXMPZ,MJFWYSNSJX,True,0.7326732673267327,False,True
82,L5JM6K50YQ,C,20150302,08:02:10,1.0,0.62,207,YOWPUANDPP,DNBDOWEWKQ,True,0.62,False,True
83,L5JM6K50YQ,COST,20150302,08:02:10,0.97,0.92,300,CQVAWKCHFC,BXVXQUKMVL,True,0.9484536082474228,True,False
84,L5JM6K50YQ,V,20150302,08:02:10,0.65,0.12,222,WSLWCRZDKI,FEWTTCRENQ,True,0.1846153846153846,False,True
85,L5JM6K50YQ,C,20150302,08:02:10,0.1,0.11,337,SIHTEHLLGY,APIMCSGUBO,False,1.0999999999999999,False,False
86,L5JM6K50YQ,COST,20150302,08:02:10,0.56,0.11,64,PDFCWNCATB,JKQAZFUURH,False,0.19642857142857142,False,False
87,L5JM6K50YQ,V,20150302,08:02:10,0.48,0.15,12,YDCPCUMRPR,SCJOTQFPPV,False,0.3125,False,False
88,3O576K50Y5,INTC,20150312,09:00:43,0.76,0.61,402,IBXBVMEDCA,UWPABOLNWR,True,0.8026315789473684,True,False
89,2GHV6JTSEJ,UTX,20150311,19:07:58,0.2,0.07,450,WPQWFFFIPM,FHUDLDQFPR,False,0.35000000000000003,False,False
90,2H8M6TTDSK,BABA,20150311,17:33:58,0.1,0.07,423,QPENJVRGQA,XAGATZAQYQ,False,0.7000000000000001,False,False
92,2FQX6K50YD,JPM,20150311,17:01:45,0.86,0.6,375,DHMQZVIJFN,MINHAAPXLS,True,0.6976744186046512,False,True
93,2FPU6K50XT,C,20150311,17:01:06,0.56,0.1,389,SQPHKOPJUN,QBUZDUDRKW,False,0.17857142857142858,False,False
94,2FBK6K50XT,GS,20150311,16:52:32,0.23,0.12,21,PCPACSUKDL,NUBFUOIIVE,False,0.5217391304347826,False,False
95,2F8W6K50Y4,BAC,20150311,16:50:56,0.37,0.28,268,DANZBWAAOX,LTQTYFWONF,False,0.7567567567567568,False,False
96,2F436K50XY,AXP,20150311,16:48:03,0.15,0.15,149,QQKDNPWZFR,ILQIKGTBKO,False,1.0,False,False
97,2EUH6K50XU,WFC,20150311,16:42:17,0.66,0.2,347,EXDUNMPRKL,SALVDICHJI,True,0.30303030303030304,False,True
98,2EJO6K50Y5,MS,20150311,16:35:48,0.19,0.09,131,GRUEUFHAPP,ZYTKHDNILD,False,0.47368421052631576,False,False
99,2BLQ6KLVS0,ALLY,20150311,16:30:00,0.75,0.11,46,FGZQHDASJC,MQHCVQRKML,True,0.14666666666666667,False,True
100,2BLQ6KLVS0,AXP,20150311,16:30:00,0.18,0.14,142,HTOXEORLTM,ITVKCGPQXV,False,0.7777777777777779,False,False
101,2BLQ6KLVS0,BAC,20150311,16:30:00,0.9,0.73,499,ZAZBRLDCGY,JBBBXUMKSA,True,0.8111111111111111,True,False
102,2BLQ6KLVS0,BBT,20150311,16:30:00,0.83,0.06,406,UFWWUUCJUO,UZFZXXJJUK,True,0.07228915662650602,False,True
103,2BLQ6KLVS1,ALLY,20150311,16:30:00,0.86,0.73,270,VUUOFPELVP,JXQRYLTKIE,True,0.8488372093023255,True,False
104,2BLQ6KLVS1,AXP,20150311,16:30:00,0.95,0.81,437,KMHTHJQPMP,RUIFBHZFUV,True,0.8526315789473685,True,False
105,2BLQ6KLVS1,BAC,20150311,16:30:00,0.27,0.21,311,OWQRPQSECJ,FJNLGLUTSJ,False,0.7777777777777777,False,False
106,2BLQ6KLVS1,BBT,20150311,16:30:00,0.68,0.47,111,OGMPMHREHQ,HSYLIIGZIA,True,0.6911764705882352,False,True
107,2BLQ6KLVS2,ALLY,20150311,16:30:00,0.61,0.44,199,RLQEIXTRLA,ZVPICXECXW,True,0.7213114754098361,False,True
108,2BLQ6KLVS2,AXP,20150311,16:30:00,0.5,0.36,293,HYXSOSAZRB,MQQKPFSYCW,False,0.72,False,False
109,2BLQ6KLVS2,BAC,20150311,16:30:00,0.45,0.14,92,CRIXIPRPSS,ROLTKUPIHI,False,0.3111111111111111,False,False
110,2BLQ6KLVS2,BBT,20150311,16:30:00,0.34,0.17,390,XSEMERQJDY,SYBSMYVGNQ,False,0.5,False,False
111,28PJ6K50Y8,ENDP,20150311,14:29:43,0.51,0.13,362,OVYBFWLAJZ,XVKQICAFHB,False,0.2549019607843137,False,False
112,28PJ6K50Y8,SLXP,20150311,14:29:43,0.9,0.5,57,FLRHLZCCOR,CXVFYQOCJL,True,0.5555555555555556,False,True
116,ZNY36K50XW,VRSK,20150310,05:06:03,0.2,0.08,354,SXJRAPSNKH,PBGILGDTIU,False,0.39999999999999997,False,False
117,YR3N6K50Y7,MMS,20150309,17:16:35,0.15,0.02,331,XCZQGLPTKF,SLNOAODZSC,False,0.13333333333333333,False,False
119,YR3N6K50Y7,SWKS,20150309,17:16:35,0.96,0.73,422,EPNVYIPWBT,CDPOSEGIRC,True,0.7604166666666666,False,True
120,YNOJ6K50Y1,QCOM,20150309,16:02:43,0.94,0.35,429,DCANZXOBNN,NCKKXRFKLM,True,0.3723404255319149,False,True
121,YNOJ6K50Y1,QCOM,20150309,16:02:43,0.26,0.13,118,ZCDYUAFYZG,NBPVANZAQP,False,0.5,False,False
122,YJIT6K50Y5,AAPL,20150309,14:32:53,0.93,0.22,274,VWRGYAEZUO,QPUMCDOVAC,True,0.23655913978494622,False,True
123,YJ1Q6JIJUO,AAPL,20150309,14:22:38,0.58,0.36,209,HWBKKSCNDI,QTKIVPDVRD,False,0.6206896551724138,False,False
124,Y4B66K50Y6,GGP,20150309,09:04:18,0.45,0.38,379,VSITBLLUZM,EZCUBVPJHE,False,0.8444444444444444,False,False
125,Y4B66K50Y6,MAC,20150309,09:04:18,0.46,0.11,15,IUOXUFXVIM,WOOQQOOHCS,False,0.23913043478260868,False,False
126,Y4B66K50Y6,SPG,20150309,09:04:18,0.78,0.35,478,KILXJWGEZM,WGKVQHDBOU,True,0.4487179487179487,False,True
127,Y2HU6K50Y1,GLPI,20150309,08:25:06,0.61,0.1,37,QYVNOTQCEF,ARIVHGSEIF,True,0.1639344262295082,False,True
128,IE0Z6K50XT,MAC,20150320,07:46:11,0.37,0.01,31,WTORGUCQRB,HVJKDQXBGN,False,0.02702702702702703,False,False
129,IE0Z6K50XT,SPG,20150320,07:46:11,0.07,0.07,433,ZLMARXSGCW,SHNCSITBBF,False,1.0,False,False
130,H6YE6K50XS,NKE,20150319,16:15:50,0.54,0.42,366,YCUKIQWGVV,QTQSXBJKLG,False,0.7777777777777777,False,False
131,F5SY6JIJUP,TSLA,20150318,13:55:46,0.6,0.57,196,LWRBYIHSYU,GWYYGBHVOZ,False,0.95,False,False
132,F44L6K50XW,SBUX,20150318,13:19:33,0.91,0.88,52,KRUQCYXCTG,RHBMGIDPVO,True,0.967032967032967,True,False
133,EZAN6K50XW,OCN,20150318,11:35:11,0.72,0.4,221,SIKCCDWYXZ,EPOKGUACSC,True,0.5555555555555556,False,True
135,EO0O6K50XY,FDX,20150318,07:31:36,0.71,0.55,201,HDWDIHPKYZ,DWYGYGPKJQ,True,0.7746478873239437,False,True
136,DGZF6K50XY,ORCL,20150317,16:02:03,0.89,0.13,45,TOKAOQELGY,LJOIRKOJLD,True,0.14606741573033707,False,True
137,CV3T6S972E,GGP,20150317,08:09:29,0.98,0.76,420,MYFDDVQUCQ,NRNZNHALGB,True,0.7755102040816326,False,True
138,CV3T6S972E,MAC,20150317,08:09:29,0.43,0.18,217,ARBNDNHYLO,JHDXZLTCQJ,False,0.41860465116279066,False,False
139,CV3T6S972E,SPG,20150317,08:09:29,0.04,0.04,330,ZFPGONKUCU,OCEYRAPKYI,False,1.0,False,False
140,CGK46S9728,F,20150317,03:00:00,0.03,0.02,412,XNEWOYLYOD,EZDJFTNXQQ,False,0.6666666666666667,False,False
141,CGK46S9728,FCAU,20150317,03:00:00,0.62,0.12,95,QGCVYSACGF,KRWVEFEUHD,True,0.1935483870967742,False,True
142,CGK46S9728,GM,20150317,03:00:00,0.45,0.03,9,RWIXYSPKYZ,GQBYPSHNDL,False,0.06666666666666667,False,False
143,BPUU6K50XT,AAL,20150316,17:18:30,0.83,0.21,334,CWAVKTGRBF,MXIVZTHDZM,True,0.25301204819277107,False,True
144,BPUU6K50XT,AGN,20150316,17:18:30,0.21,0.04,248,WWSIMXBLMM,XCGNYENQZJ,False,0.1904761904761905,False,False
145,B3VV6K50XX,ENDP,20150316,09:23:55,0.88,0.17,37,HKZLVPNQKJ,SOZABINMDM,True,0.1931818181818182,False,True
146,B3VV6K50XX,SLXP,20150316,09:23:55,0.44,0.45,192,XWCOEOBWBT,XZUQBCCOUB,False,1.0227272727272727,False,False
149,B0306K50XX,ENDP,20150316,08:01:48,0.98,0.23,438,YNESAMJRNC,ORHXXSPHAY,True,0.23469387755102042,False,True
150,B0306K50XX,SLXP,20150316,08:01:48,0.05,0.02,258,TVSTRYMIGF,DJVJSODRMN,False,0.39999999999999997,False,False
153,VZQT6JTSEC,INTC,20150327,16:04:05,0.66,0.6,3,IQNJDCLFFU,UWBAZXPKCF,True,0.9090909090909091,True,False
155,VAMP6K50Y7,OLN,20150327,07:01:37,0.96,0.6,117,FGAQLCZQXT,DUDAWYLLWN,True,0.625,False,True
156,UX526S9729,CVX,20150327,02:10:14,0.77,0.32,168,ZPRUZFXTRX,DMKOKKBXQC,True,0.41558441558441556,False,True
159,SQ9T6K50YG,AAPL,20150325,21:46:41,0.85,0.82,369,WDKNPHDBOF,HEDIHIHZXL,True,0.9647058823529412,True,False
160,RILG6K50YK,KHC,20150325,06:03:16,0.75,0.15,101,BIUNJSHDFK,GNSVNAETXA,True,0.19999999999999998,False,True
161,RIJD6K50Y8,KHC,20150325,06:02:01,0.45,0.1,261,LQMKUGWWBV,NZZTMZGTID,False,0.22222222222222224,False,False
162,QRO96K50YP,KHC,20150324,20:21:45,0.68,0.65,189,VRKGHVPMBX,WRBJLUGUVN,True,0.9558823529411764,True,False
166,PVTT6K50XU,MS,20150324,08:53:53,0.55,0.42,490,QUTMQTGPLZ,RZSYECOJTV,False,0.7636363636363636,False,False
167,PTJ06K50YU,FCX,20150324,08:04:12,0.76,0.34,264,ZTRIOGEGIY,BKFWYWTCTB,True,0.4473684210526316,False,True
168,PRAP6K50Y9,NSM,20150324,07:16:01,0.72,0.65,420,PCWULXLFLJ,TFDNCNLYBF,True,0.9027777777777778,True,False
169,PRAP6K50Y9,OCN,20150324,07:16:01,0.53,0.35,377,KLJLXATCVK,FMWGVZCZFV,False,0.660377358490566,False,False
171,2TEB6K50YR,CHTR,20150331,08:30:11,0.39,0.31,189,FCPWNPTRBI,MQGKKFJRIJ,False,0.7948717948717948,False,False
172,2TEB6K50YR,CMCSA,20150331,08:30:11,0.15,0.1,409,TNDHLKOMQG,YQYFAXPESJ,False,0.6666666666666667,False,False
174,2QTD6K50YJ,CMCSA,20150331,07:34:25,0.13,0.02,444,LVZPNFEWFA,IQNHWCFKJS,False,0.15384615384615385,False,False
176,2PCJ6K50YR,JCI,20150331,07:02:43,0.77,0.67,396,NUSLNPAVPB,YKKNXXFFAF,True,0.8701298701298702,True,False
177,4ZY26TTDSC,C,20150401,12:46:50,0.42,0.25,271,NJJNLEMIEQ,GOGGAPRWMP,False,0.5952380952380952,False,False
178,59KC6S972V,MS,20150401,16:14:36,0.8,0.28,340,WXPWQZWATM,BLZEBTLXQU,True,0.35000000000000003,False,True
179,6Q0M6S972D,GNW,20150402,11:07:34,0.08,0.07,35,RRZPUZICNL,TITCKWYRCM,False,0.8750000000000001,False,False
180,6YKR6S972K,HON,20150402,14:12:27,0.96,0.26,159,JHMTSJYEHO,AYVNTJJDHZ,True,0.27083333333333337,False,True
181,6YKR6S972K,JCI,20150402,14:12:27,0.79,0.34,256,TPQODNMWBN,ZCCMQEWVRX,True,0.43037974683544306,False,True
182,6YKR6S972K,MSI,20150402,14:12:27,0.62,0.52,288,TRTJACMNYS,DUWBXPNKNI,True,0.8387096774193549,True,False
183,71NB6S972N,C,20150402,15:18:47,0.94,0.61,260,XVNORBWZGZ,UVTHEQCXJD,True,0.648936170212766,False,True
184,7FWT6KLVRJ,AAPL,20150402,20:26:53,0.7,0.41,360,PBSYAMNUVA,DHPHZKJXHT,True,0.5857142857142857,False,True
185,HR3T6KLVRA,OB,20150408,10:04:41,0.62,0.33,294,FPNTIIBGJN,UTSOGNYPHE,True,0.5322580645161291,False,True
186,HR3T6KLVRA,WTM,20150408,10:04:41,0.86,0.24,154,WOVMNSLOBN,LUPFCHERAC,True,0.27906976744186046,False,True
187,JVNZ6JIJUX,PCG,20150409,13:38:23,0.53,0.36,10,RUVZHTAZRK,NLBJIJHPPX,False,0.6792452830188679,False,False
188,R66B6KLVR6,C,20150413,12:08:35,0.3,0.15,257,SPRIFFCINY,CQJIOFIHDW,False,0.5,False,False
189,UXJT6KLVRK,HCBK,20150415,12:52:41,0.02,0.03,214,DGBKGDBUYA,HFTSCFGJDN,False,1.5,False,False
190,UXJT6KLVRK,MTB,20150415,12:52:41,0.35,0.33,401,LXWODNURND,BCBKBDZHIV,False,0.942857142857143,False,False
191,VXWJ6JIJUS,FCAU,20150416,02:00:00,0.76,0.42,230,ALRXBATHCB,MVVPQBQFYJ,True,0.5526315789473684,False,True
194,WP6H6K50Y0,VIRT,20150416,11:47:05,0.09,0.09,445,SVPBUGBQNG,SOSFOYCKQJ,False,1.0,False,False
195,YPUV6S972C,CHTR,20150417,13:56:55,0.96,0.05,275,FMVMQZGBLH,OOJBRQWIQY,True,0.052083333333333336,False,True
196,YPUV6S972C,CMCSA,20150417,13:56:55,0.6,0.4,399,MADMKLYMJQ,AJTFRMZOOF,False,0.6666666666666667,False,False
197,YR1M6JIJUS,MYL,20150417,14:22:34,0.54,0.55,451,HIKOBJAEUA,WGXCGJVTOV,False,1.0185185185185186,False,False
198,42S16TTDS4,C,20150420,11:24:01,0.68,0.24,418,RJZDPNINIZ,KXIEWLBGOQ,True,0.3529411764705882,False,True
199,4CXR6S972I,GCI,20150420,15:03:27,0.5,0.47,292,DSVRJLNAIM,VIOSJFCAXA,False,0.94,False,False
200,4CXR6S972I,NYT,20150420,15:03:27,0.73,0.73,215,OIYZCOUQKA,UHIHUOVNMB,True,1.0,True,False
201,4CXR6S972I,TGNA,20150420,15:03:27,0.75,0.42,378,GVKQGVQFOX,NZQHXUJBGI,True,0.5599999999999999,False,True
202,4CXR6S972I,TRCO,20150420,15:03:27,0.59,0.25,400,NTBNYYEQVA,RTUPZNVRRT,False,0.42372881355932207,False,False
204,51BX6KLVRA,MYL,20150420,23:50:21,0.74,0.19,157,TTPUBIIVXG,QCZYCKNSNQ,True,0.25675675675675674,False,True
205,6RTR6K50YD,TRN,20150421,22:20:15,0.04,0.03,65,OUIXENNCQG,RNDOQBVNRH,False,0.75,False,False
207,9V3Q6KLVRP,KKR,20150423,14:23:50,0.92,0.36,464,MHHJDMSMSE,SSYPTIPJUH,True,0.3913043478260869,False,True
209,BP5T6TTDSA,CHTR,20150424,14:10:41,0.64,0.04,45,INRGRFZSGT,GOTFOSWCJZ,True,0.0625,False,True
210,BP5T6TTDSA,CMCSA,20150424,14:10:41,0.87,0.63,172,VIXFDACXQQ,MIQUQEDADP,True,0.7241379310344828,False,True
211,HQFR6KLVRI,AMAT,20150427,20:23:51,0.15,0.02,158,TNQHSWUAPY,YHMXMHXQAX,False,0.13333333333333333,False,False
212,I46A6JTSEQ,UAL,20150428,05:00:10,0.48,0.34,274,WUKDQCFNXP,CGLRHWPWEW,False,0.7083333333333334,False,False
213,J8ZT6JTSEL,XPO,20150428,16:02:17,0.49,0.15,477,GZLZOGPVVQ,LHYDEMENQO,False,0.30612244897959184,False,False
215,JADA6K50YB,HRG,20150428,16:31:58,0.16,0.05,390,ABQGNDYIQV,BQLBOUUSOL,False,0.3125,False,False
216,JADA6K50YB,SPB,20150428,16:31:58,0.76,0.52,440,WPRSACEVKT,PLLJCPJTSD,True,0.6842105263157895,False,True
217,L6NO6JIJUS,OVTI,20150429,17:07:00,0.25,0.04,136,ZYARSTGTJG,JYRCWPWIPW,False,0.16,False,False
219,LUCW6JTSEC,MRK,20150430,01:38:56,0.56,0.26,113,WTVNPYBMDB,HGEQVYZLTR,False,0.46428571428571425,False,False
220,MT7T6S9728,CVS,20150430,14:11:53,0.78,0.39,455,YHYDYVPGTB,XCEUJDUBCN,True,0.5,False,True
221,MT7T6S9728,ESRX,20150430,14:11:53,0.16,0.08,236,UXRGBPTRPJ,RNZJNMGPEM,False,0.5,False,False
222,MT7T6S9728,MCK,20150430,14:11:53,0.25,0.05,205,TNMXPXFZDR,UKEWDVZKXF,False,0.2,False,False
223,MT7T6S9728,OCR,20150430,14:11:53,0.11,0.07,5,INWKHKOJCU,ZONCELJFNG,False,0.6363636363636365,False,False
224,MT7T6S9728,WBA,20150430,14:11:53,0.81,0.66,479,FNHJRZCMBN,KZGQEMVDXP,True,0.8148148148148148,True,False
225,MZ296S972E,MON,20150430,16:18:09,0.8,0.79,69,VZOEGSJKFX,WDNLFYBNUH,True,0.9875,True,False
226,4ND0HHWW74,ADP,20150401,08:15:00,0.96,0.48,173,MYFKOQMDGD,QFCECIPYNQ,True,0.5,False,True
227,4NYK6KLVRI,ADP,20150401,08:15:00,1.0,0.01,58,KWSVEIBZUN,ERBMNBJYPN,True,0.01,False,True
228,4QFO6JTSEY,F,20150401,09:21:25,0.32,0.32,87,SMODVPMUIW,MWZZOAPKRE,False,1.0,False,False
229,4QTP6S972F,GM,20150401,09:29:49,0.11,0.08,330,JVZSHUNEGM,PZFTIBFWUA,False,0.7272727272727273,False,False
230,58YB6K50XX,MCD,20150401,16:01:23,0.42,0.22,9,QBGWGCPUDC,GKXNYASSZZ,False,0.5238095238095238,False,False
231,ENQS6K50XU,GM,20150406,17:59:16,0.48,0.28,471,GNOSJEJQJR,QDSHWPSAYE,False,0.5833333333333334,False,False
232,ENQS6K50XU,GS,20150406,17:59:16,0.9,0.16,389,KMJVAWCLDA,YCTFPJSASZ,True,0.17777777777777778,False,True
233,F7BN6S972K,FDX,20150407,01:02:11,0.9,0.86,118,KXJXYIOYAP,QRHWINZCDV,True,0.9555555555555555,True,False
234,F7BN6S972K,UPS,20150407,01:02:11,0.09,0.01,390,DHHNPBQZHN,USFIBVZHCL,False,0.11111111111111112,False,False
236,HV156K50XV,MYL,20150408,11:29:29,0.92,0.15,486,HXKQQRVWRK,UWGFOBHNAC,True,0.16304347826086954,False,True
237,HV156K50XV,PRGO,20150408,11:29:29,0.95,0.19,153,ONHBHNSUHW,NMOUSODBYN,True,0.2,False,True
238,I7PN6K50Y0,AA,20150408,16:03:23,0.96,0.81,465,OEQZXZUWHW,TOPBGYIBQX,True,0.8437500000000001,True,False
240,I7RW6K50XT,ZNGA,20150408,16:04:44,0.71,0.31,290,JSPXFPIVUS,SWUOUZIBDA,True,0.4366197183098592,False,True
241,I9BG6K50Y7,APA,20150408,16:38:04,0.93,0.58,152,WWWDAIRKQY,EVNXSOWBSP,True,0.6236559139784945,False,True
242,JD956K50YL,WBA,20150409,07:00:41,0.01,0.01,314,WEMFQAPDTB,SNKFSZUVDT,False,1.0,False,False
243,JGPX6K50YN,LNKD,20150409,08:15:33,0.36,0.28,406,KNRKFPUFUB,VRHEEMUTNP,False,0.7777777777777779,False,False
244,JVNH6JIJV0,PCG,20150409,13:38:05,0.43,0.15,238,GWBSTZSCOT,TFMPKHBSHB,False,0.3488372093023256,False,False
245,L6JL6K50XW,BX,20150410,06:30:57,0.5,0.08,73,ILAUOKDFVO,BFJJDJAFVU,False,0.16,False,False
246,L6JL6K50XW,GE,20150410,06:30:57,0.54,0.08,151,SSTTUGWIJI,LLFPHZDPNX,False,0.14814814814814814,False,False
247,L6JL6K50XW,WFC,20150410,06:30:57,0.16,0.16,163,SJTZDNCRYY,RHIFNSJYCL,False,1.0,False,False
248,L6MK6K50XS,BX,20150410,06:32:44,0.85,0.27,339,YUPQDBMHUK,AHGXKFVZAE,True,0.31764705882352945,False,True
249,L6MK6K50XS,GE,20150410,06:32:44,0.58,0.49,394,FSEYTUGUCX,OHPSFZASOF,False,0.8448275862068966,False,False
250,L6MK6K50XS,WFC,20150410,06:32:44,0.21,0.04,123,EEOXFTYMBR,YBIHOVXKLO,False,0.1904761904761905,False,False
251,LARO6K50Y0,BX,20150410,08:02:12,0.36,0.05,273,NNNVIUDHYU,ONOZGYENLR,False,0.1388888888888889,False,False
253,QUPQ6K50YM,BLDR,20150413,08:01:02,0.48,0.43,368,ZWJHXSXAOP,LCDJWINJZD,False,0.8958333333333334,False,False
254,SMIW6K50Y6,JPM,20150414,06:59:20,0.19,0.19,31,FDXCXEMBKV,FAHJSLSRMD,False,1.0,False,False
255,SMXE6K50YN,JPM,20150414,07:08:02,0.88,0.59,306,UVLGPDMUYD,WXYGBBYGIB,True,0.6704545454545454,False,True
256,SOO66JTSEL,JNJ,20150414,07:45:42,0.94,0.83,412,XIYHNPSSAJ,USNARSVWWP,True,0.8829787234042553,True,False
257,SPD36K50Y6,WFC,20150414,08:00:39,0.65,0.21,288,GUDUENSSBZ,HWOFVOQTEB,True,0.32307692307692304,False,True
258,SR0L6K50XT,MET,20150414,08:36:21,1.01,0.86,389,UVMEHDMQMQ,HVZQHZLHXG,True,0.8514851485148515,True,False
259,TBLN6K50XX,INTC,20150414,16:00:59,0.8,0.12,121,BORMGNBYXA,FSIKJWCBXQ,True,0.15,False,True
260,TBM56K50YN,INTC,20150414,16:01:17,0.25,0.18,247,DVSOCVKVGX,DHGSQBYFFZ,False,0.72,False,False
261,UHBM6K50Y9,BAC,20150415,07:02:10,0.04,0.02,86,SBDPGLQKAQ,WTACJYDAHY,False,0.5,False,False
262,V6GN6K50XX,NFLX,20150415,16:05:11,0.05,0.06,101,CSLJRUCYKD,SKUKJAUSVO,False,1.2,False,False
263,VXPP6JTSED,F,20150416,02:00:00,0.16,0.15,280,YSTUHIZQWQ,OKIUYSRUEV,False,0.9375,False,False
264,VXPP6JTSED,FCAU,20150416,02:00:00,0.38,0.33,455,GTBNGTLLOP,VOHFDMDTUS,False,0.868421052631579,False,False
265,VXPP6JTSED,GM,20150416,02:00:00,0.26,0.25,457,DGTJVKJVLC,MPQIDOXCSO,False,0.9615384615384615,False,False
266,W8G36K50YG,BLK,20150416,05:45:39,0.34,0.16,44,NNJAMVRBKK,YHEFFUPFGP,False,0.47058823529411764,False,False
267,WBVT6K50XW,PM,20150416,06:59:53,0.11,0.01,109,STXELKVVEC,LBHBGWZYTM,False,0.09090909090909091,False,False
268,WDIS6K50YE,GS,20150416,07:35:16,0.24,0.13,165,AAQUZPXGXT,SDEMYQWKGE,False,0.5416666666666667,False,False
269,WDQ56K50YH,GS,20150416,07:39:41,0.7,0.49,321,WKJWIBARLP,NEQUIMJMAV,True,0.7000000000000001,False,True
270,WEME6K50YV,C,20150416,07:59:02,0.1,0.08,289,TQJPTJXVBU,AVTUQZTHHD,False,0.7999999999999999,False,False
271,WHAM6K50YV,AIG,20150416,08:56:46,0.56,0.21,93,ZWBDZUNURO,NIPBNAMTGR,False,0.37499999999999994,False,False
272,WHAM6K50YV,DAL,20150416,08:56:46,0.84,0.01,409,ALQXXWEHAW,MIJGKKGBNO,True,0.011904761904761906,False,True
273,WHJQ6K50YO,MSFT,20150416,09:02:14,0.81,0.08,134,EQQUBIXWDM,CEOSWAIDQD,True,0.09876543209876543,False,True
276,X10S6K50Y4,AXP,20150416,16:02:52,0.7,0.43,250,NMAZIUOFZW,IFDGBZJGJU,True,0.6142857142857143,False,True
278,Y5506K50YE,GE,20150417,06:29:24,0.71,0.56,388,PEJBXHQGMW,SVOBBSLIYO,True,0.7887323943661972,False,True
279,Y6MO6K50Y1,HON,20150417,07:01:36,0.38,0.37,178,VMBWABEJOO,UZHEVPIDKM,False,0.9736842105263158,False,False
280,YPSZ6JTSEG,CHTR,20150417,13:55:47,0.58,0.49,53,SGHGGQFIQA,PGZUJRFMWC,False,0.8448275862068966,False,False
281,YPSZ6JTSEG,CMCSA,20150417,13:55:47,0.16,0.03,116,SRXOATRIYU,AIBCMXYGJV,False,0.1875,False,False
282,4FTJ6TTDS2,IBM,20150420,16:05:43,0.44,0.22,464,NUAJHCIVRE,KITBGHMZTP,False,0.5,False,False
283,5Q3F6K50XS,MYL,20150421,08:45:15,0.49,0.48,263,MIKYGOQCQD,OEEKTOXEGF,False,0.9795918367346939,False,False
284,5Q3F6K50XS,PRGO,20150421,08:45:15,0.13,0.07,245,IPWJEDLOMG,TDJFRAHGLX,False,0.5384615384615385,False,False
286,5SFF6K50Y7,HPQ,20150421,09:35:39,0.99,0.14,437,JYEMHPQUER,TQEIKUKSPE,True,0.14141414141414144,False,True
287,65VK6KLVRF,AMGN,20150421,16:01:33,0.71,0.34,90,VZRCHAUWGP,FMYLPXVDUY,True,0.4788732394366198,False,True
288,6AD46K50Y0,GGP,20150421,16:03:04,0.63,0.42,191,GXTQLZELTU,PYDVPIBCNL,True,0.6666666666666666,False,True
289,6ADE6K50YG,MYL,20150421,16:03:14,0.65,0.29,456,OXOUCIDVRE,VTJWZMJIMO,True,0.4461538461538461,False,True
290,6ADE6K50YG,PRGO,20150421,16:03:14,1.0,0.79,172,GWGDEVUGRB,FBZLJACVNA,True,0.79,False,True
292,6AR06JIJUU,YUM,20150421,16:11:24,0.08,0.02,390,YSXBSBEDNH,MSSBQICAIG,False,0.25,False,False
293,84Y16KLVS0,T,20150422,16:01:13,0.85,0.84,1,PVAKZPXUMO,TOCYDHSCVJ,True,0.9882352941176471,True,False
294,84YP6K50Y1,FB,20150422,16:01:37,0.4,0.34,484,OIDALOUQOO,BHLPEFVBCR,False,0.85,False,False
295,84YW6K50YC,QCOM,20150422,16:01:44,0.34,0.19,296,ULGZAOPUVH,HWHZLAWIWR,False,0.5588235294117647,False,False
296,850S6K50Y0,QCOM,20150422,16:02:52,0.95,0.08,203,CKBHUWHTCB,HPMYHOUFLL,True,0.08421052631578949,False,True
297,85LH6K50Y4,EBAY,20150422,16:15:17,0.83,0.54,476,VFVMFANQHO,TDCMYLOYKO,True,0.6506024096385543,False,True
298,86AD6K50XS,ARRS,20150422,16:30:13,0.56,0.05,178,GUEPGNDCZL,BJMIWCGLHK,False,0.08928571428571429,False,False
299,86AZ6K50Y7,TXN,20150422,16:30:35,0.87,0.1,32,QAAKYWJCSM,QOBWSBJARO,True,0.1149425287356322,False,True
300,86CM6K50Y3,TXN,20150422,16:31:34,0.71,0.66,436,ZNVXGRVVTP,MDQAESENGK,True,0.9295774647887325,True,False
302,9ZMR6K50Y5,AMZN,20150423,16:01:39,0.44,0.36,315,GIVSIRFVBJ,XMYGWGLBLR,False,0.8181818181818181,False,False
303,9ZPZ6K50YA,MSFT,20150423,16:03:35,0.64,0.36,100,KODMLBCKKZ,YIRLBAIFEC,True,0.5625,False,True
304,9ZQZ6K50XZ,SBUX,20150423,16:04:11,0.61,0.38,95,BRWBIBLDMD,FFJBTXPVIY,True,0.6229508196721312,False,True
305,B9GI6K50Y0,CHTR,20150424,08:31:30,0.51,0.4,91,MOKUJEWPOE,DUJBTOBNUQ,False,0.7843137254901961,False,False
306,B9GI6K50Y0,CMCSA,20150424,08:31:30,0.33,0.15,27,YPHTOXQUCL,EOWGQBDUNT,False,0.45454545454545453,False,False
307,BCY16K50Y1,MYL,20150424,09:46:49,0.56,0.53,482,MLRCGNODEB,BKYPVTRQDX,False,0.9464285714285714,False,False
308,BCY16K50Y1,PRGO,20150424,09:46:49,0.53,0.16,147,QHSYYIOLSD,DDWJOCCNGL,False,0.3018867924528302,False,False
309,BJKR6K50XS,MYL,20150424,12:10:03,0.9,0.82,84,IBULKLNXUN,NZMEXYEQMU,True,0.911111111111111,True,False
310,BJKR6K50XS,PRGO,20150424,12:10:03,0.04,0.02,80,FQPIDZYWIK,IOSFTXOLDM,False,0.5,False,False
311,GVQA6K50Y9,MYL,20150427,09:20:34,1.01,0.54,364,FHBSCIRBWM,CCOUQXIMEY,True,0.5346534653465347,False,True
312,GVQA6K50Y9,PRGO,20150427,09:20:34,0.78,0.13,250,RTFJPXJZUX,QEWCHZPEGO,True,0.16666666666666666,False,True
313,HFGW6KLVRJ,AAPL,20150427,16:30:34,0.64,0.32,258,XDKYSHFRFI,UIGONNYGUZ,True,0.5,False,True
314,ILK96K50XU,UPS,20150428,07:36:09,0.14,0.11,235,GZMEYZFZDT,UYYDJOXGJH,False,0.7857142857142857,False,False
315,J7R36K50Y0,TWTR,20150428,15:35:27,0.76,0.64,42,RKNBTERRKF,KWYSECFNHF,True,0.8421052631578947,True,False
316,J8NH6K50Y4,TWTR,20150428,15:54:53,0.02,0.01,359,VIWVSRWQSO,AFGXGWTYDI,False,0.5,False,False
317,KHG76K50Y3,MA,20150429,08:02:31,0.43,0.22,295,CMFZTJZOUX,YCKZCGBGOO,False,0.5116279069767442,False,False
318,KI326K50XU,MPC,20150429,08:16:14,0.53,0.12,404,WWRAOXBGYD,FPILSHIDNE,False,0.22641509433962262,False,False
319,KL2O6K50YO,MYL,20150429,09:20:48,1.01,0.99,150,ESLPPYCPBJ,GJQHWBMHQQ,True,0.9801980198019802,True,False
320,KL2O6K50YO,PRGO,20150429,09:20:48,0.13,0.1,310,XBTAULZANB,XUNEWYFBBE,False,0.7692307692307693,False,False
321,KPUM6K50YJ,MYL,20150429,11:03:58,0.25,0.09,132,AXNGNROUGF,JRDOICPTCT,False,0.36,False,False
322,KPUM6K50YJ,PRGO,20150429,11:03:58,0.81,0.81,478,ZZDQNHWIJT,BPQFJLJKXW,True,1.0,True,False
325,MC0Y6K50YE,PSX,20150430,08:00:34,0.35,0.08,108,QKFXGKRKZE,XLRNCXUTHG,False,0.2285714285714286,False,False
326,MC1E6K50Y4,XOM,20150430,08:00:50,0.89,0.79,140,AYCSLCONGL,HXTHGFZVSP,True,0.8876404494382023,True,False
327,MC346K50Y6,OVTI,20150430,08:01:52,0.55,0.05,134,PWSKSPDWWE,DZEHARZIWX,False,0.09090909090909091,False,False
328,MYAQ6K50YC,GILD,20150430,16:01:38,0.34,0.03,185,CZULIZCZGB,DMMIQJNIFZ,False,0.08823529411764705,False,False
329,MYG16K50YC,AIG,20150430,16:04:49,0.98,0.95,425,QIHBMVGFEQ,XJRPIDFAAZ,True,0.9693877551020408,True,False
330,MYHK6K50XY,V,20150430,16:05:44,0.82,0.38,474,WXYQTFUAHE,LQUBVNLGEC,True,0.4634146341463415,False,True
331,OHNO6JTSE9,GS,20150501,11:57:24,0.83,0.16,270,ZPOJICNAHZ,GNAXCXNHDH,True,0.1927710843373494,False,True
332,W4N36K50XV,CRM,20150505,14:57:03,0.9,0.9,326,ECEBFDRREV,BHWRKLDRQP,True,1.0,True,False
333,W4N36K50XV,MSFT,20150505,14:57:03,0.41,0.35,328,TYJBDZNOTF,AQAMDJUQEG,False,0.8536585365853658,False,False
334,W89O6KLVRH,ALL,20150505,16:15:24,0.5,0.22,111,LQBYWLRSST,CDMXEZMNDA,False,0.44,False,False
335,WBFS6K50XZ,MGI,20150505,17:23:52,0.1,0.08,440,GBRBUYSNLC,XUXVXRLHGJ,False,0.7999999999999999,False,False
336,WBFS6K50XZ,WU,20150505,17:23:52,0.39,0.14,434,KUYYDHOLSE,TDWPRNTHHC,False,0.358974358974359,False,False
337,XX3W6TTDSM,NDAQ,20150506,14:09:32,0.95,0.42,117,AROLHKNTRP,TDFFCBMQWC,True,0.4421052631578947,False,True
338,Y27W6TTDSA,ZNGA,20150506,16:05:00,0.3,0.2,218,WNKCJBUXMU,YDVWLCTYUR,False,0.6666666666666667,False,False
339,ZVBX6KLVR6,CBS,20150507,15:26:21,0.63,0.43,247,HSHLFGHHJP,ICIMJVNIVH,True,0.6825396825396826,False,True
340,ZVBX6KLVR6,VIAB,20150507,15:26:21,0.76,0.28,175,OLBYYJAVJJ,RPEBMHFXBM,True,0.368421052631579,False,True
341,0ECT6S972S,MON,20150507,22:17:17,0.89,0.82,33,THIVVBKITT,OQDAGNFCRB,True,0.9213483146067415,True,False
342,1IA36TTDS4,BAC,20150508,12:39:39,0.63,0.53,452,SDDGSEVXEN,GLTIMUXAWL,True,0.8412698412698413,True,False
343,1IA36TTDS4,C,20150508,12:39:39,0.6,0.02,420,RCKQVNSOHE,LBSGPCZLIB,False,0.03333333333333333,False,False
344,1IA36TTDS4,MYL,20150508,12:39:39,0.37,0.05,1,EHORUDKWJN,LQNFVFSWSP,False,0.13513513513513514,False,False
345,1NUX6S972C,V,20150508,14:40:09,0.99,0.19,490,XGWECMPXFN,MEGIHIUNRH,True,0.19191919191919193,False,True
346,1PG56KLVR8,C,20150508,15:14:29,0.28,0.24,488,LVWRGBIMHF,BWMQLXTHMW,False,0.857142857142857,False,False
347,1PG56KLVR8,JPM,20150508,15:14:29,0.61,0.47,358,XGNINJIYLK,HHVHUFKEMQ,True,0.7704918032786885,False,True
348,8UYS6KLVR6,CHTR,20150512,11:56:52,0.1,0.11,388,RTBLPKCXMM,TJLXUXNXZU,False,1.0999999999999999,False,False
349,91S76VDKHT,C,20150512,14:24:07,0.95,0.59,285,FRKRDWXLKC,JFKEOWGFSG,True,0.6210526315789474,False,True
350,91S76VDKHT,JPM,20150512,14:24:07,0.23,0.16,454,XNATJACGON,YREOCUHVAO,False,0.6956521739130435,False,False
351,9V0M6S9729,TMUS,20150513,01:00:00,0.41,0.25,16,JHKTKYXCPT,LDXRCYCSMI,False,0.6097560975609756,False,False
352,NDCD6KLVR6,TGT,20150520,08:00:13,0.85,0.22,501,XTZQAPMYSB,NKKVLFWCXZ,True,0.25882352941176473,False,True
353,NIQ76KLVRD,BAC,20150520,10:00:00,0.95,0.94,368,NMNCVDVWDI,CRGFYTHJCL,True,0.9894736842105263,True,False
354,NIQ76KLVRD,C,20150520,10:00:00,0.47,0.32,38,CZOWTOHVZC,WBIPBOPTHB,False,0.6808510638297873,False,False
355,NIQ76KLVRD,JPM,20150520,10:00:00,0.54,0.25,448,IFYYHUFNQV,KAUUBYIKJS,False,0.4629629629629629,False,False
357,NQ046K50XV,IBM,20150520,12:33:40,0.52,0.3,287,OTFXOPSOXN,IJBKIQUUST,False,0.5769230769230769,False,False
358,O52W6KLVRD,CVS,20150520,17:59:20,0.8,0.29,81,HIDCYXHCRZ,CXXIWCWMDP,True,0.36249999999999993,False,True
359,O52W6KLVRD,OCR,20150520,17:59:20,0.77,0.71,54,GYBWCQBSVQ,FUFMQUQVPG,True,0.922077922077922,True,False
360,RRMF6K50XU,CHTR,20150522,16:59:03,0.01,0.01,421,IBBZTALXNW,UFSSEYNKFO,False,1.0,False,False
361,0FB46K50XT,MCD,20150527,09:11:28,0.62,0.56,154,KDVPTIMEMI,HYPIFNWRYC,True,0.903225806451613,True,False
362,3ATV6KLVR6,GS,20150529,05:00:01,1.01,0.4,12,MLJWFDBULG,HROHEKLJKG,True,0.39603960396039606,False,True
363,4JS56KLVR7,AXP,20150529,14:38:29,0.64,0.1,25,QFJDSHBGBL,AXHVGNMBYZ,True,0.15625,False,True
364,4K1I6KLVRB,BX,20150529,14:44:06,0.71,0.14,335,JHNAFIBXHZ,PTUQJLGNGT,True,0.1971830985915493,False,True
365,4NLCSYF01T,BX,20150529,14:44:06,0.33,0.03,444,DJNSXCOHDU,LNRYTJWTHK,False,0.0909090909090909,False,False
366,O7LM6K50XY,FCAU,20150501,08:20:10,0.78,0.75,25,TVACSOMCRC,DARMDBXWGX,True,0.9615384615384615,True,False
367,O83S6K50Y1,CVX,20150501,08:31:04,0.7,0.48,400,ZAKSPEHZCJ,WRECXMPSIE,True,0.6857142857142857,False,True
368,OAUK6TTDSC,GM,20150501,09:30:20,0.74,0.57,390,WPXULWSVXX,GKZGLLQNQI,True,0.7702702702702702,False,True
369,OHEG6KLVRG,GS,20150501,11:51:52,0.97,0.45,242,HZGHPRUVKB,VBIFGGOUZS,True,0.4639175257731959,False,True
373,TS416K50YF,CSCO,20150504,08:31:13,0.1,0.04,295,NIBVQPDFQH,YSVYCABIUJ,False,0.39999999999999997,False,False
374,U2AX6TTDS9,MCD,20150504,12:11:21,0.4,0.06,197,AONVAZRSUK,BTYBXBJOKF,False,0.15,False,False
378,VIRQ6K50YM,S,20150505,07:04:38,0.43,0.01,3,RDGZBHJKQH,MCPNTYHBBN,False,0.023255813953488372,False,False
379,VLD46K50YP,DIS,20150505,08:00:40,0.26,0.12,497,JGYDWGANYD,SQWRGNIUMK,False,0.4615384615384615,False,False
380,VNOJ6TTDS2,ZTS,20150505,08:50:43,0.89,0.26,324,DYLMHNBZCH,BFBOAFJNLK,True,0.29213483146067415,False,True
381,W7TB6K50XV,ALL,20150505,16:05:35,0.9,0.33,198,YWZETDMWNU,KIUWVBIUAZ,True,0.3666666666666667,False,True
382,W7UF6K50XV,MYL,20150505,16:06:15,0.73,0.59,380,EDONETKODF,NITQEHDWQN,True,0.8082191780821918,True,False
383,W98A6K50Y7,OXY,20150505,16:36:10,0.83,0.56,20,HEGGRRTCEP,SNMIUZTEZN,True,0.674698795180723,False,True
384,XCB36K50XZ,ALXN,20150506,06:40:15,0.69,0.25,147,JSIAGBPVGO,FYQTVIYIFS,True,0.3623188405797102,False,True
385,XCB36K50XZ,GEVA,20150506,06:40:15,1.0,0.25,99,GUMLWNMCPT,MDKDEEMBIV,True,0.25,False,True
386,XGP0HHWW74,ADP,20150506,08:15:00,0.67,0.58,344,ZNHLTZKDSS,XFXQORTNYW,True,0.8656716417910446,True,False
387,XUMV6K50Y4,MGI,20150506,13:16:07,0.24,0.21,40,GNBIKZEHCX,DDCGMXSNDQ,False,0.875,False,False
388,XUMV6K50Y4,WU,20150506,13:16:07,0.95,0.82,331,JCXEYATNYT,KKHNZRTYCG,True,0.8631578947368421,True,False
389,Y1HWSYF01S,MET,20150506,16:05:00,0.78,0.67,122,NUJTFCGUGD,QEBORZZGIB,True,0.858974358974359,True,False
390,Y2CM6KLVRD,FOXA,20150506,16:02:46,0.53,0.3,33,SZYUEBMSPM,WVDEEMUMQT,False,0.5660377358490566,False,False
391,Y2F46K50XW,WFM,20150506,16:04:16,0.24,0.16,399,YKLSTLOCWE,HRCNHWCTBQ,False,0.6666666666666667,False,False
392,Y2KVSYF01S,PRU,20150506,16:07:43,0.91,0.57,378,YACXTDCDCJ,HCMTQAJOXM,True,0.6263736263736263,False,True
393,Y3HS6K50XX,TSLA,20150506,16:27:28,0.35,0.04,102,ZLSUKGORVE,ZCZMGVAWBK,False,0.1142857142857143,False,False
394,ZJD36KLVRG,BX,20150507,11:07:51,0.09,0.1,45,YSICGGDHTC,WXHMNIECIO,False,1.1111111111111112,False,False
395,ZV9C6K50XS,CBS,20150507,15:24:48,0.75,0.76,85,RBWAQEQACY,QZUCUMVAHA,True,1.0133333333333334,True,False
396,ZV9C6K50XS,VIAB,20150507,15:24:48,0.03,0.03,455,MYLXMRHNMC,YHWDZBSZEV,False,1.0,False,False
397,0JL16JIJUU,F,20150508,00:10:13,0.41,0.14,446,XRZPYIQJVY,LWVTLHZHPH,False,0.34146341463414637,False,False
398,0JL16JIJUU,GM,20150508,00:10:13,0.2,0.07,451,SBNXXLPQUX,OKKOXDMLST,False,0.35000000000000003,False,False
399,0JLC6JIJUX,F,20150508,00:10:25,0.8,0.11,159,ZJAMLPLBPQ,JGPVADPDOI,True,0.13749999999999998,False,True
400,0JLC6JIJUX,GM,20150508,00:10:25,0.24,0.23,134,YSJILIHXIW,JDLVPOIBTO,False,0.9583333333333334,False,False
401,0PWG6S972U,MON,20150508,02:26:40,0.93,0.94,256,VKPDPWJVFZ,REESXSXFXM,True,1.010752688172043,True,False
402,159B6K50Y1,MCD,20150508,07:58:23,0.6,0.34,33,OYNAHHMLOC,XTZFSRQQRQ,False,0.5666666666666668,False,False
403,6S9O6K50XX,CMCSA,20150511,09:03:24,0.4,0.03,9,SQHOFVYBKW,KBPOXMBBGG,False,0.075,False,False
404,8H8V6K50XS,VZ,20150512,07:00:31,0.54,0.52,130,JLJWRMCYWI,YBKVNHNXXU,False,0.9629629629629629,False,False
407,AAN96K50XV,OI,20150513,06:33:09,0.31,0.21,153,WOZFVWACNO,MNGNGYGESX,False,0.6774193548387096,False,False
408,ADB56K50Y2,DHR,20150513,07:30:41,0.33,0.05,494,OAHKTXZGVY,SXOANRLGEV,False,0.15151515151515152,False,False
409,ADB56K50Y2,PLL,20150513,07:30:41,0.4,0.26,200,QASIZGYXYG,WZBBGPGXCJ,False,0.65,False,False
410,ADCK6K50XV,DHR,20150513,07:31:32,0.13,0.11,134,WJJYMSXZJF,LOGPJFSXUE,False,0.8461538461538461,False,False
411,ADCK6K50XV,PLL,20150513,07:31:32,0.15,0.05,292,PINHYMAWTY,XQNBANOVLP,False,0.33333333333333337,False,False
412,AEPP6K50Y3,M,20150513,08:01:01,0.79,0.09,409,BXSQCQJPUA,LIOAZNGQEO,True,0.11392405063291139,False,True
413,AH2H6K50Y7,DD,20150513,08:51:53,0.79,0.67,429,PWLRBSNRYP,PJBMGLOLJA,True,0.8481012658227848,True,False
414,B14Y6K50Y2,CSCO,20150513,16:05:22,0.23,0.14,233,JNFHUAAVEB,HWDCREAMIX,False,0.6086956521739131,False,False
415,B2PT6JTSEC,CSCO,20150513,16:39:29,1.01,0.96,81,UQSGFCFUZB,IGZXSDNRIC,True,0.9504950495049505,True,False
416,CANI6S972C,CCI,20150514,08:28:30,0.28,0.1,403,DUAXWFHKTA,QAFWNYFBRR,False,0.35714285714285715,False,False
417,CM8M6S972E,AVP,20150514,12:38:46,0.26,0.26,144,ZOLNLBTVAE,ICOLFCDRJT,False,1.0,False,False
418,DEKI6KLVRB,NFLX,20150514,22:50:42,0.87,0.25,34,CTTJGRPKAG,MWRUTUDKOP,True,0.28735632183908044,False,True
419,EJIO6K50XV,EXC,20150515,13:35:12,0.81,0.49,85,TDTFARJJXN,WFJUKXVWPY,True,0.6049382716049382,False,True
420,JRYK6KLVR7,AAPL,20150518,09:25:32,0.93,0.58,420,AMBIRSXVOR,CYDQIKJEGB,True,0.6236559139784945,False,True
421,JWK66K50XV,AAPL,20150518,11:04:54,0.36,0.1,195,PRQZSACMTZ,SUANKNWSTT,False,0.2777777777777778,False,False
422,JWK66K50XV,IEP,20150518,11:04:54,1.01,0.81,341,OWDSOZEMUP,MRJRHZMFDD,True,0.801980198019802,True,False
423,LD616K50Y2,HD,20150519,06:01:13,0.94,0.12,322,MJQXUMBQLO,DHKQTXQPWJ,True,0.1276595744680851,False,True
424,LG2B6JIJUT,WMT,20150519,07:03:47,0.58,0.1,128,ZORFXVSIDD,TJVUOOJRHD,False,0.1724137931034483,False,False
425,LI4Y6S9728,C,20150519,07:48:34,0.67,0.23,135,GWXJDJPCLX,QTJDKPFZXG,True,0.34328358208955223,False,True
426,LI4Y6S9728,JPM,20150519,07:48:34,0.18,0.18,342,AVTRNWOKSZ,KTMWOOYNRS,False,1.0,False,False
427,MY136K50YC,CHTR,20150520,02:29:27,0.98,0.22,47,JMKADISSUF,HAFUGXIHLZ,True,0.22448979591836735,False,True
428,N7T06TTDS0,LOW,20150520,06:00:36,0.05,0.01,161,QLSWZWXYLF,GPRDJZDKEA,False,0.19999999999999998,False,False
429,NCUJSYF01T,TGT,20150520,08:00:00,0.28,0.12,299,YGGBYRNXLB,HPOTJQQHVE,False,0.4285714285714285,False,False
430,NHOC6K50Y3,BAC,20150520,10:00:00,0.18,0.19,414,QQPYPXNUOX,QKDVJIXYPE,False,1.0555555555555556,False,False
431,NHOC6K50Y3,C,20150520,10:00:00,0.81,0.24,87,CLBJSHPVQJ,QXDSETWJPQ,True,0.2962962962962963,False,True
432,NHOC6K50Y3,JPM,20150520,10:00:00,0.99,0.02,492,OVZLEOCCKS,IBDJFJSXNY,True,0.020202020202020204,False,True
433,P5AS6K50Y1,CVS,20150521,07:01:40,0.98,0.4,61,UREWLXEWMV,LCJNXPSDJD,True,0.40816326530612246,False,True
434,P5AS6K50Y1,OCR,20150521,07:01:40,1.0,0.81,10,ABXVAJKYEL,APKDITIAWL,True,0.81,True,False
435,P5BH6K50Y9,BBY,20150521,07:02:05,0.48,0.01,227,WAXOTNSDBY,KOXRVLQUFA,False,0.020833333333333336,False,False
436,P8G26K50Y9,HPQ,20150521,08:09:39,0.54,0.34,429,LRLAPWMHLN,YUHJFHTOPQ,False,0.6296296296296297,False,False
437,P9G56K50XU,LL,20150521,08:31:17,0.26,0.01,267,ETLSKAMTLC,CAGCFMCNDL,False,0.038461538461538464,False,False
438,PUGN6K50XU,HPQ,20150521,16:05:11,0.53,0.48,249,COZWQTMKJJ,IYOIAFNXVL,False,0.9056603773584905,False,False
439,QZXF6K50Y3,DE,20150522,07:00:51,0.89,0.43,478,EJMLVRUMWF,VLJRXUBDCM,True,0.4831460674157303,False,True
441,WUW66JIJUQ,CHTR,20150525,10:57:42,0.01,0.01,279,PGRAGDZRRJ,WKBVCNDSEC,False,1.0,False,False
443,YBU66K50XY,CHTR,20150526,06:01:18,0.38,0.26,433,ELBJKXIBNH,EGVXCVMLMM,False,0.6842105263157895,False,False
446,YHEE6K50XS,EMC,20150526,08:01:26,0.97,0.69,237,QHGEOCZVAB,TOPTGLUGXR,True,0.7113402061855669,False,True
447,Z8RO6K50XV,LO,20150526,17:52:36,0.69,0.55,367,HDTUBAWOYD,CZASLUVHOF,True,0.7971014492753624,False,True
448,Z8RO6K50XV,MO,20150526,17:52:36,0.25,0.05,44,KQMDSCMCLG,ANKIDKGAVE,False,0.2,False,False
449,Z8RO6K50XV,RAI,20150526,17:52:36,0.52,0.24,476,HAOTECUITI,KQXXEYETMY,False,0.4615384615384615,False,False
450,0F8B6S972H,MCD,20150527,09:09:48,0.68,0.52,393,CEGBAKJKBG,XKZOAEVRNZ,True,0.7647058823529411,False,True
451,1SXN6K50XW,NXPI,20150528,03:03:23,0.37,0.16,192,PAINWPRTBE,OZGHHOKNYH,False,0.43243243243243246,False,False
452,23WW6K50YG,AVGO,20150528,07:00:32,0.48,0.38,298,ODUVMCBJIE,SZERCGJYML,False,0.7916666666666667,False,False
453,3KUN6S972F,STE,20150529,02:03:59,0.51,0.1,67,YSRTUMSIHM,HXYMUHTHVW,False,0.19607843137254902,False,False
454,4JMP6K50XX,AXP,20150529,14:35:13,0.3,0.22,301,BVPTUNYABD,HDHSXWIHJV,False,0.7333333333333334,False,False
455,9R2K6KLVRG,APO,20150601,10:03:56,0.34,0.3,239,LMOWNQGNHF,WBDDSOEAKW,False,0.8823529411764705,False,False
456,9R2K6KLVRG,GE,20150601,10:03:56,0.47,0.39,259,ISKHWNVIUI,YFBHTVJMUM,False,0.8297872340425533,False,False
457,H40K6KLVRC,WMT,20150605,09:26:44,0.88,0.18,154,PIIDWKKHUB,FGJZEZMFFL,True,0.20454545454545453,False,True
458,MK8D6K5107,SF,20150608,08:05:01,0.78,0.18,357,PSSYRJCCQU,LPIPMTWHCJ,True,0.23076923076923075,False,True
460,QTSU6JIJUX,ARES,20150610,15:22:06,0.69,0.11,229,VADFLJHEAC,WSAPOWWHOK,True,0.15942028985507248,False,True
464,S4566K50YM,HES,20150611,08:03:06,0.69,0.59,457,PVGRLICDLT,MZGJQDHENO,True,0.855072463768116,True,False
465,SANT6K50XX,FOXA,20150611,10:23:53,0.24,0.15,200,HOWUEOSIWN,EFULSGBZXX,False,0.625,False,False
467,ZSQMSYF01S,AIG,20150615,11:37:34,0.32,0.23,142,NEFQNXEDDO,UKPIOMRDGS,False,0.71875,False,False
468,58PG6KLVR7,FIT,20150618,10:10:28,0.83,0.6,236,XDANTRSOZJ,LHQFRIHKEL,True,0.7228915662650602,False,True
470,I5I26KLVRP,C,20150625,09:30:03,0.12,0.02,190,WKLJVOCJMM,VDDFGTFDZH,False,0.16666666666666669,False,False
471,9LIB6K50XS,APO,20150601,08:03:47,0.83,0.24,114,DEMQDQZGCZ,WCNFPMHZLD,True,0.2891566265060241,False,True
472,9LIB6K50XS,PAH,20150601,08:03:47,0.17,0.17,392,JNSHWABRRJ,BIPWROAPAY,False,1.0,False,False
474,9MSS6K50XT,INTC,20150601,08:31:40,0.85,0.66,24,XTPSYFKXLY,YPSKELSOJK,True,0.7764705882352941,False,True
475,9NNT6K50XZ,EPD,20150601,08:50:17,0.51,0.17,475,FMIJMLSYLO,ZJJESXTCBJ,False,0.33333333333333337,False,False
476,9NNT6K50XZ,PXD,20150601,08:50:17,0.44,0.3,227,PHDDDIXCIL,XJLDOLRIAQ,False,0.6818181818181818,False,False
478,AAEI6K50XS,AER,20150601,17:01:30,0.57,0.29,211,CSSQITHQMP,ZWKEXBEDCQ,False,0.5087719298245614,False,False
479,AAEI6K50XS,AIG,20150601,17:01:30,0.73,0.29,470,PORAFCXCNX,UBQBUPUZAM,True,0.3972602739726027,False,True
480,B1US6KLVRI,BX,20150602,02:54:28,0.83,0.68,164,HXTFAHRMRK,OECAMCYHXL,True,0.819277108433735,True,False
481,BHC06TTDS6,FCAU,20150602,08:28:48,0.07,0.01,262,DPLESEAPDB,SBQJJPGLSH,False,0.14285714285714285,False,False
482,BIVQ6JIJUT,F,20150602,09:15:00,0.56,0.4,285,OEWDTDPFTZ,SUZCDBPORN,False,0.7142857142857143,False,False
483,BJJR6K50YF,GM,20150602,09:30:00,0.93,0.8,253,EUPSXNNWFO,YCZDVUDZHT,True,0.8602150537634409,True,False
484,DBD0HHR9XC,ADP,20150603,08:15:00,0.41,0.02,141,MWBWHMFGLE,MGVZTYDUJJ,False,0.04878048780487805,False,False
485,E6ZZ6K50Y3,AER,20150603,19:38:23,0.93,0.51,83,JNUSYVYRAO,PJHLQZKJPF,True,0.5483870967741935,False,True
486,E6ZZ6K50Y3,AIG,20150603,19:38:23,0.73,0.33,287,OCCDSSJNCA,MJUKRZXALA,True,0.452054794520548,False,True
487,EE606S9728,DISH,20150603,22:13:12,0.94,0.92,481,IQMJXXWSAG,WIQDPBCUKK,True,0.9787234042553192,True,False
488,EE606S9728,S,20150603,22:13:12,0.87,0.54,281,TENZYXAMZR,MKVSMQYFLW,True,0.6206896551724138,False,True
489,EE606S9728,TMUS,20150603,22:13:12,0.75,0.07,187,MQJLRWHYEQ,AIIHNEKZNZ,True,0.09333333333333334,False,True
490,F5F06K50Y7,OPK,20150604,08:01:48,0.64,0.25,126,OPDEBSEGAA,OLJAFLKDHI,True,0.390625,False,True
491,GET16TTDSD,F,20150605,00:22:13,0.06,0.01,103,PNPMLJJLHM,YQDBPXBEEO,False,0.16666666666666669,False,False
492,GET16TTDSD,GM,20150605,00:22:13,0.49,0.36,226,JGUOEJDHRB,CHFRZTBBYQ,False,0.7346938775510204,False,False
494,GX956K50XZ,CAH,20150605,07:00:41,0.4,0.11,304,PKYGGSNBZI,DFAMQDIMQZ,False,0.27499999999999997,False,False
495,H3ZZ6K50Y3,WMT,20150605,09:26:23,0.08,0.02,229,GNAMDGDDWU,PJGSSLVJFW,False,0.25,False,False
497,MK4I6K50YB,SF,20150608,08:02:42,0.14,0.1,324,TONYHIJGIW,OSZFPPZRJJ,False,0.7142857142857143,False,False
498,N3JZ6K50XW,AAPL,20150608,15:02:23,0.75,0.67,279,TANAWJLKQQ,JGKCJLYMHU,True,0.8933333333333334,True,False
499,OAJT6K50Y6,GE,20150609,06:31:05,0.04,0.03,115,FSNOBKUJIL,PGTBJBKDVQ,False,0.75,False,False
500,OYSK6K50XX,TGT,20150609,15:14:44,0.79,0.23,188,HRZXSQXENS,OLNOQEEKXI,True,0.2911392405063291,False,True
501,P4FK6K50Y7,LO,20150609,17:16:32,0.55,0.43,190,DBQCRWZAIZ,UPGWEHKNJP,False,0.7818181818181817,False,False
502,P4FK6K50Y7,QRVO,20150609,17:16:32,0.26,0.19,413,NVMJCSUKGH,ISFIAPTHSJ,False,0.7307692307692307,False,False
503,P4FK6K50Y7,WETF,20150609,17:16:32,0.85,0.17,48,AKIOBCVYZN,VVCOAZJKOG,True,0.2,False,True
504,P86F6KLVRG,NFLX,20150609,18:37:27,0.78,0.44,80,YQJAACJXMB,YBGRUVEPJC,True,0.5641025641025641,False,True
505,PU6W6K50XW,KKR,20150610,02:32:56,0.7,0.52,39,RTJRJRWJTQ,DGMQRSLLAL,True,0.7428571428571429,False,True
506,Q9EE6K50XS,JCI,20150610,08:01:26,0.18,0.05,75,BEKMUOPLLN,YQZJGRILUG,False,0.2777777777777778,False,False
507,S4196K50Y1,HES,20150611,08:00:45,0.26,0.17,419,TOMHTSMHHI,CTKXOADGOQ,False,0.6538461538461539,False,False
508,SAJK6S972B,FOXA,20150611,10:21:20,0.35,0.36,26,HNUSMTLVBE,VNYBFWUFIJ,False,1.0285714285714287,False,False
509,SQML6K50Y0,TWTR,20150611,16:08:45,0.26,0.27,46,VWKFKJRNDV,VMMYWSQPLL,False,1.0384615384615385,False,False
510,SQNG6K50XT,TWTR,20150611,16:09:16,0.66,0.62,148,GNKYBJOSKG,VSKIVQMLLR,True,0.9393939393939393,True,False
511,ZSOSSYF01S,AIG,20150615,11:36:28,0.85,0.79,198,TFZNXALXAQ,ZPTPHCQQLW,True,0.9294117647058824,True,False
513,1LBG6S972Q,MGM,20150616,10:52:28,0.04,0.05,326,AKDROPRJGN,SKOVWBAKXZ,False,1.25,False,False
514,204A6K50XS,FOXA,20150616,16:12:10,0.21,0.09,273,XEITRDAPLW,GIGEDTNHWJ,False,0.42857142857142855,False,False
515,359L6K50Y9,AGN,20150617,07:00:58,0.58,0.5,273,DVUZXLFEIY,XITATODWBS,False,0.8620689655172414,False,False
516,35AQ6K50Y3,HRC,20150617,07:01:38,0.55,0.1,217,LYBIJTZYLG,GHATHXIWAT,False,0.18181818181818182,False,False
517,36NK6K511K,FDX,20150617,07:30:56,0.1,0.07,44,VMZTQPJPAR,XAJEHBNKUV,False,0.7000000000000001,False,False
518,3DWK6K50XV,MSFT,20150617,10:07:32,0.33,0.13,250,FXYTZVUCUX,BIDRFRJNLU,False,0.3939393939393939,False,False
519,3Q1J6S972E,JPM,20150617,14:29:43,0.94,0.58,435,TMIHMMSNHR,SSMORFIUTT,True,0.6170212765957447,False,True
520,3U8MSYF01U,ORCL,20150617,16:00:22,0.04,0.04,122,AWRMFFYFIE,ZXRMMHBQCR,False,1.0,False,False
521,3XXJ6JIJUQ,ORCL,20150617,17:20:07,0.51,0.4,214,JDTREASQCU,YFJQHMPMHQ,False,0.7843137254901961,False,False
522,47KQ6K50XS,CMCSA,20150617,20:48:26,0.25,0.22,308,FKJQIJXVUE,TEKAZKPZOU,False,0.88,False,False
523,58MN6KLVR4,FIT,20150618,10:08:47,0.7,0.07,432,FSCINJCSMR,JHUFBVYSHZ,True,0.10000000000000002,False,True
524,5HOD6KLVRC,CMCSA,20150618,13:24:13,0.78,0.12,301,TTKJJSKNDR,EPAYMLLCRY,True,0.15384615384615383,False,True
526,5R186JIJUW,CAG,20150618,16:46:20,0.28,0.14,433,THHYMYNZJL,DZORHUNZJG,False,0.5,False,False
528,737U6TTDS4,CMCSA,20150619,10:07:06,0.98,0.03,38,ANCXGZQTZL,GDJOTARZYK,True,0.030612244897959183,False,True
530,75NH6K50Y4,EBAY,20150619,10:59:41,0.24,0.17,104,VHRQBOPOOX,YHEPTBRFFO,False,0.7083333333333334,False,False
532,CJUX6K50YD,UDR,20150622,08:54:33,0.03,0.03,88,OEGNWLIIME,ZMJGSDOPHL,False,1.0,False,False
533,CK596K50Y3,ANTM,20150622,09:00:45,0.63,0.51,136,BGHXHKMGDB,KGRAFFSZSD,True,0.8095238095238095,True,False
534,CK596K50Y3,CI,20150622,09:00:45,0.94,0.84,442,OAHMLIMCSC,FJGKFIOIXS,True,0.8936170212765958,True,False
535,EEU86K50Y1,KKR,20150623,09:01:20,0.38,0.19,333,GUNFYZFJNV,VROZEKJMVJ,False,0.5,False,False
536,EEU86K50Y1,MMM,20150623,09:01:20,0.63,0.29,76,FKQBLJVIFY,JYMHKHQKDM,True,0.4603174603174603,False,True
537,EZNP6K50XU,BA,20150623,16:31:01,0.97,0.47,262,ZFERZUECIA,GZJZLLOHLR,True,0.4845360824742268,False,True
538,EZO46K50XX,NFLX,20150623,16:31:16,0.21,0.14,436,ZJLDMXREFC,XKYRHMMWND,False,0.6666666666666667,False,False
539,F0U66VDKHV,SYY,20150623,16:56:30,0.91,0.7,391,GHAKDOAOEQ,RQXZAUMMJN,True,0.7692307692307692,False,True
540,F1S86K50Y8,ATI,20150623,17:16:56,0.35,0.25,304,XTGIWBIEBQ,RSRURJCJDU,False,0.7142857142857143,False,False
541,G6P36K50XS,MON,20150624,08:00:39,0.67,0.2,469,QEANEKLAVP,YKIXPKPNOX,True,0.29850746268656714,False,True
542,GE7V6K50XV,NFLX,20150624,10:43:07,0.6,0.26,153,JNTRZEXORB,GIFBFUOSVD,False,0.43333333333333335,False,False
543,IBBE6K50YG,KR,20150625,11:35:38,0.19,0.03,500,YQHACGPZWI,SBQQGBRGCR,False,0.15789473684210525,False,False
544,IH566JTSED,AET,20150625,13:41:30,0.22,0.22,450,LRMXGIYQZR,WVEXGRMXNH,False,1.0,False,False
545,IH566JTSED,HUM,20150625,13:41:30,0.73,0.3,79,BFAAOXCFPC,BUNTHGZTXS,True,0.410958904109589,False,True
546,IOA06K50XX,NKE,20150625,16:15:36,0.66,0.33,10,ZRFHJCSOHI,EJFRSQQMOI,True,0.5,False,True
547,IOAO6K50Y9,NKE,20150625,16:16:00,0.08,0.08,138,TRKJWTQSQE,MJOMVCUJGF,False,1.0,False,False
548,PG1N6TTDSU,SYY,20150629,08:00:59,0.43,0.07,241,AKTISKYGFZ,LLJUILKOGH,False,0.16279069767441862,False,False
549,Q2TL6VDKHX,MSFT,20150629,16:12:57,0.13,0.08,150,CIDZSFAYBF,PRQGMAQGOV,False,0.6153846153846154,False,False
550,RYBU6K50XU,NKE,20150630,16:31:06,0.91,0.07,69,CVYLMHUEAZ,KGETKHGKEX,True,0.07692307692307693,False,True
551,VDIP6K50XZ,GS,20150702,12:52:01,0.74,0.55,183,VCMAAHGNRV,GWXLDITXNK,True,0.7432432432432433,False,True
552,VDIP6K50XZ,YELP,20150702,12:52:01,0.63,0.19,192,KVSJZRTEUO,HAHFVXBGUB,True,0.30158730158730157,False,True
553,2YQR6K50Y5,GS,20150706,15:13:39,0.53,0.52,27,NFUXNTXAEQ,LONAETWRLO,False,0.9811320754716981,False,False
554,67BZ6KLVRC,MSFT,20150708,09:11:59,0.01,0.02,72,SYBJTFCJOT,PBODGSXFVF,False,2.0,False,False
555,6QKB6K50XT,AA,20150708,16:07:23,0.89,0.6,483,CUZCVTAXNA,AHIMKNSZMT,True,0.6741573033707865,False,True
557,H2T96TTDS0,WPX,20150714,06:07:57,0.4,0.06,21,WLGDWPTVIX,SAEWMHVTRX,False,0.15,False,False
558,HW4R6JIJUR,MON,20150714,16:41:15,0.17,0.09,97,ZTJTRDBXEJ,NCUJOKJBKZ,False,0.5294117647058822,False,False
559,J03F6TTDSK,BAC,20150715,07:04:27,0.46,0.14,225,PNDMRPSYZM,MRUNZVOPTC,False,0.30434782608695654,False,False
560,JPBF6JIJUP,NFLX,20150715,16:09:15,0.4,0.26,117,DUWRDPINAL,OSHSIPWRID,False,0.65,False,False
561,KG9U6KLVR7,F,20150716,02:00:00,0.1,0.11,427,YJISRGDQUS,EGCFKLLDCU,False,1.0999999999999999,False,False
562,KG9U6KLVR7,FCAU,20150716,02:00:00,0.29,0.18,87,KBLWEDAVEB,XUSRKSNXZE,False,0.6206896551724138,False,False
563,KG9U6KLVR7,GM,20150716,02:00:00,0.99,1.0,210,CZULNDLYRP,PMYCZHWVEL,True,1.0101010101010102,True,False
564,KUSY6KLVRL,BX,20150716,07:05:22,0.46,0.43,255,XLSTMRRUVN,KINUQOHKRL,False,0.9347826086956521,False,False
565,KUSY6KLVRL,HLT,20150716,07:05:22,0.15,0.08,220,LKCXRBGPMO,OHKIEYFPSX,False,0.5333333333333333,False,False
566,LGP26K50XV,CMCSA,20150716,14:58:14,0.09,0.04,489,EXFYTGLYZO,TSLGTNLNGE,False,0.4444444444444445,False,False
567,LGP26K50XV,DISH,20150716,14:58:14,0.88,0.17,100,DPKULNVLRP,ZOVKIFILQS,True,0.1931818181818182,False,True
568,LGP26K50XV,S,20150716,14:58:14,0.8,0.2,113,GSMMMBPPVB,SPYNXSVBTQ,True,0.25,False,True
569,LGP26K50XV,T,20150716,14:58:14,0.36,0.36,194,NLIVXTHILB,MRUPUZECJI,False,1.0,False,False
570,LGP26K50XV,TMUS,20150716,14:58:14,0.61,0.13,499,MBUAOPQCZQ,HIQBHNBIQV,True,0.21311475409836067,False,True
572,UMWQ6KLVR6,JPM,20150721,13:50:50,0.97,0.81,334,MDAQSVDXNB,YGMJTZXEAE,True,0.8350515463917526,True,False
573,UXGN6K50XY,BA,20150721,17:38:47,0.28,0.14,283,IBEYLTIELW,DOXGXUOHSL,False,0.5,False,False
574,UXGN6K50XY,FDX,20150721,17:38:47,0.55,0.26,33,PPSFKVUSIZ,BWPRCYZXFG,False,0.4727272727272727,False,False
576,WDBE6JTSEE,BHI,20150722,12:18:51,0.6,0.28,297,HOBSXVXHXN,UIKVVLZHHA,False,0.46666666666666673,False,False
577,WDBE6JTSEE,HAL,20150722,12:18:51,0.36,0.02,103,BMAOVOWDKF,KVVHUTFHOL,False,0.05555555555555556,False,False
579,WGE16JIJV1,UPS,20150722,13:25:13,0.06,0.03,192,JGSKTRNGSR,GANALKPSUR,False,0.5,False,False
580,WVQXSYF01S,BAC,20150722,18:56:57,0.18,0.07,52,DSOKDSJTBD,OTMLZGUKNX,False,0.38888888888888895,False,False
581,WX4B6JIJUW,ANTM,20150722,19:26:35,0.34,0.22,68,CSEWTXFRAY,MTQLVLNOCY,False,0.6470588235294117,False,False
582,WX4B6JIJUW,CI,20150722,19:26:35,0.92,0.28,182,YLVQCUFYDP,PHBNBUUCZZ,True,0.30434782608695654,False,True
583,XQ646JTSE9,CMCSA,20150723,05:54:04,0.88,0.36,494,DVYRGOOBQZ,CTKLLMHTEI,True,0.40909090909090906,False,True
584,XQ646JTSE9,DIS,20150723,05:54:04,0.11,0.06,186,LCWLPJFAUQ,HGOUYFGZRD,False,0.5454545454545454,False,False
585,XQ646JTSE9,FOXA,20150723,05:54:04,0.51,0.27,78,TVPDEIFUOD,EXQPAFHIVN,False,0.5294117647058824,False,False
586,XT9H6JIJV6,RTN,20150723,07:00:53,0.73,0.18,203,NHFSMSNQAK,FHOUQHCAOS,True,0.2465753424657534,False,True
587,XTH26KLVR7,MYL,20150723,07:05:26,0.42,0.28,368,OCSXGAGKMO,ARRAWQSIYE,False,0.6666666666666667,False,False
589,YH106JIJUS,BX,20150723,15:34:12,0.43,0.39,311,TKQXLIOHTT,KHTJGUUHRM,False,0.9069767441860466,False,False
590,YIUW6K50Y2,BX,20150723,16:13:44,0.24,0.08,189,JELVTZVGUJ,MMEZUBTLOT,False,0.33333333333333337,False,False
591,ZWMZ6JIJUO,C,20150724,10:08:59,0.15,0.13,190,AMLIAYRCPQ,DVTBFITZQK,False,0.8666666666666667,False,False
592,72F36K50YF,F,20150728,07:00:00,0.17,0.16,405,RXDKUHRYKN,XXJVSCOPBL,False,0.9411764705882353,False,False
593,8E4H6K50XV,BA,20150729,00:07:29,0.6,0.36,51,IMWJXKHCYT,SOXBWXQMDP,False,0.6,False,False
594,9GO03T6SQO,HIG,20150729,14:00:00,0.26,0.13,94,ZZVZUARMSA,CSXSSLALAD,False,0.5,False,False
597,B3ER6TTDSG,FIS,20150730,11:08:51,0.84,0.35,58,AMXYYZDMWM,SLPNBBANYS,True,0.41666666666666663,False,True
598,B3ER6TTDSG,GS,20150730,11:08:51,0.3,0.22,412,TBVNPDFVQJ,YUNEVIKJPP,False,0.7333333333333334,False,False
599,B3ER6TTDSG,KKR,20150730,11:08:51,0.83,0.36,480,XBUBWNPUUQ,QKGLSXVEHO,True,0.43373493975903615,False,True
600,T610HHR9XC,ADP,20150701,08:15:00,0.27,0.26,459,RMVJJRUNMN,YGAZKLGMCE,False,0.9629629629629629,False,False
601,T6DC6S972J,FCAU,20150701,08:30:03,0.64,0.17,130,EBLJVTDWAJ,BQNKUEKLJQ,True,0.265625,False,True
602,T8T36JTSEG,F,20150701,09:15:03,0.27,0.12,492,WQSKPNSZCK,TVGXCJXIJA,False,0.4444444444444444,False,False
603,T9CL6S972A,GM,20150701,09:29:59,0.7,0.71,468,BCAYYNCFBV,GDGEDXZVES,True,1.0142857142857142,True,False
604,TN0R6VDKHT,GE,20150701,14:22:03,0.11,0.07,268,NVMUSHIINE,ZCATCOGDJV,False,0.6363636363636365,False,False
605,TN0U6VDKHS,GE,20150701,14:22:06,0.43,0.41,497,ZUZMJKJYCW,JAQUOHRWSV,False,0.9534883720930232,False,False
606,UX9T6K50Y2,CNC,20150702,07:01:05,0.88,0.79,47,VKHAUMGGVU,AIIIGMABSQ,True,0.8977272727272728,True,False
607,V2UN6K50Y0,INTC,20150702,09:01:35,0.47,0.29,136,SQMJXMJOIC,LABMFBKWDR,False,0.6170212765957447,False,False
608,WEDV6S972E,AET,20150703,02:08:19,0.86,0.34,303,TRRJZAVCAL,BTPDKVVZCO,True,0.39534883720930236,False,True
609,WEDV6S972E,HUM,20150703,02:08:19,0.28,0.29,260,AQVWJJQGKQ,JFQJMZJZOX,False,1.0357142857142856,False,False
610,2K3M6TTDSC,GS,20150706,09:57:22,0.14,0.06,60,XUIUBWBSJD,QDARLTHSBK,False,0.4285714285714285,False,False
611,34G26K50XT,AAP,20150706,17:16:50,0.91,0.72,321,JSEEXIPTOX,EXQJTYENVR,True,0.7912087912087912,False,True
612,34G26K50XT,ADVS,20150706,17:16:50,1.01,0.11,35,KYJDPPUDKI,FWYDURUQSO,True,0.10891089108910891,False,True
613,34G26K50XT,DLTR,20150706,17:16:50,0.31,0.04,337,AFUOFPFOOV,DVFJFOSTLM,False,0.12903225806451613,False,False
614,34G26K50XT,EIGI,20150706,17:16:50,0.99,0.04,211,ZHBDYZGHBU,WOUETFPLAQ,True,0.04040404040404041,False,True
615,34G26K50XT,JACK,20150706,17:16:50,0.01,0.01,44,CEFTPPOCUF,QVDVRNDAPW,False,1.0,False,False
616,34G26K50XT,NFBK,20150706,17:16:50,0.53,0.19,247,YMJUJRBWRW,VMVCGLHZCH,False,0.3584905660377358,False,False
617,47PW6TTDSB,GLPI,20150707,07:30:00,0.67,0.58,403,AFBYLGXQGT,IQETSZPBHE,True,0.8656716417910446,True,False
618,52966JIJUT,CG,20150707,18:24:42,0.85,0.07,18,HQYXBLCJRV,BHHRLKPPFQ,True,0.0823529411764706,False,True
619,52966JIJUT,SYMC,20150707,18:24:42,0.55,0.53,251,BVRKLOOILG,GMUZYPHCVV,False,0.9636363636363636,False,False
620,5M2Q6JTSE8,F,20150708,01:32:50,0.88,0.07,311,KEFHJPCMXQ,RSYWCOETIC,True,0.07954545454545456,False,True
621,5M2Q6JTSE8,GM,20150708,01:32:50,0.8,0.1,315,YQRKGWIBBP,RPMIYYSPPD,True,0.125,False,True
622,673J6TTDSP,MSFT,20150708,09:06:55,0.58,0.01,203,ZPMGPGJZUO,FHVCHHTHIN,False,0.01724137931034483,False,False
623,6GIA6K50XX,ICE,20150708,12:30:10,0.83,0.19,20,BFUNOKBAGX,IUMICUBEUI,True,0.22891566265060243,False,True
624,6QDH6K50XZ,AA,20150708,16:03:17,0.47,0.15,426,WLFEAMJOVH,UBDOFAOIVL,False,0.3191489361702128,False,False
626,7UEU6VDKHS,PEP,20150709,06:30:07,0.12,0.08,255,TCDJFTQTBW,SFRXLZORXN,False,0.6666666666666667,False,False
627,7VWS6K50XS,WBA,20150709,07:00:28,0.98,0.57,430,DECBDFJORP,EDWAEXFHSG,True,0.5816326530612245,False,True
628,7VYX6K50XY,KKR,20150709,07:01:45,0.04,0.03,418,TIPBFTURPP,WTJNHYUHRU,False,0.75,False,False
629,7VYX6K50XY,WBA,20150709,07:01:45,0.13,0.08,397,HYHYRFXSFK,PTVYJIVSYE,False,0.6153846153846154,False,False
630,7ZED6K50XT,COTY,20150709,08:15:49,0.03,0.01,140,JINMVPCPAV,YFFUPCVDST,False,0.33333333333333337,False,False
631,7ZED6K50XT,PG,20150709,08:15:49,0.72,0.72,206,FKUAQGUIEZ,ERYTAHUZNF,True,1.0,True,False
632,GC4R6JIJUX,MU,20150713,20:31:39,0.24,0.15,56,BDTMIEEBAR,FORUKUKPVX,False,0.625,False,False
633,GHQQ6K50Y0,MU,20150713,22:32:50,0.65,0.51,329,KAUFNAUPEF,FSZWGPRTDN,True,0.7846153846153846,False,True
634,GKXH6TTDS3,BA,20150713,23:41:41,0.76,0.41,431,DBYNEEZSMD,UIMWHOHOZL,True,0.5394736842105263,False,True
635,GKXH6TTDS3,FDX,20150713,23:41:41,0.44,0.06,288,KIVWOWWSMC,HSDBKVPLFO,False,0.13636363636363635,False,False
636,H2I76K50Y2,WPX,20150714,06:01:19,0.91,0.59,385,LHPKWHLFVK,PYDURJOMVS,True,0.6483516483516483,False,True
637,H4NP6K50Y9,CCI,20150714,06:47:49,0.06,0.06,16,JOVFDXOJRG,NVTQCXLJYN,False,1.0,False,False
638,H4NP6K50Y9,DLR,20150714,06:47:49,0.01,0.01,298,RWHLWHAYWJ,YQMYWYJWKB,False,1.0,False,False
639,H56X6K50XY,JPM,20150714,06:59:21,0.17,0.08,105,GMYIOZTGEF,ILLUNQMOTD,False,0.47058823529411764,False,False
640,H7BW6JIJUP,JNJ,20150714,07:45:32,0.75,0.35,287,NTLTSWJWLS,WMYDMSNGVY,True,0.4666666666666666,False,True
641,H80W6K50XY,WFC,20150714,08:00:32,0.13,0.09,235,DCZTKZCFNX,GDIZARMVZT,False,0.6923076923076923,False,False
642,HW4D6TTDSF,MON,20150714,16:41:01,0.34,0.3,115,WTZERQIHNY,CFXGVWIRHO,False,0.8823529411764705,False,False
643,HWY76K50XY,CELG,20150714,16:58:55,0.07,0.08,92,LIQZYWPHPK,WBJEDYKYEM,False,1.1428571428571428,False,False
644,HXTK6K50XT,EBAY,20150714,17:17:44,0.98,0.3,245,ATGKQLUFOU,QNXQUVDESO,True,0.30612244897959184,False,True
645,HXTK6K50XT,HMSY,20150714,17:17:44,1.01,0.11,332,LZCYKVMKJP,LHCWCWMUSS,True,0.10891089108910891,False,True
646,HXTK6K50XT,NE,20150714,17:17:44,0.89,0.62,456,IWTAUFVFHQ,QAMIMTYVAX,True,0.6966292134831461,False,True
647,HXTK6K50XT,PYPL,20150714,17:17:44,0.86,0.64,58,IICAXIRXRN,HGELWSALXL,True,0.7441860465116279,False,True
648,IWIR6K50XW,BLK,20150715,05:47:15,0.94,0.75,14,NZWVIYTPLS,ONMSSYTCRC,True,0.797872340425532,False,True
649,IZYK6K50XS,BAC,20150715,07:01:32,0.1,0.05,139,BWGUBACEWM,OOHUUXWDOS,False,0.5,False,False
650,J04U6K50Y4,BAC,20150715,07:05:18,0.01,0.02,279,WWTFKXZYDK,SQQWJHWCLZ,False,2.0,False,False
651,JOYA6K50Y3,INTC,20150715,16:01:22,0.4,0.11,489,ZWTJIAJTJE,QYTNQTTOTC,False,0.27499999999999997,False,False
652,JP076K50Y3,INTC,20150715,16:02:31,0.44,0.22,88,HCSLLWAVYC,ZUGKFUEWOW,False,0.5,False,False
653,JP766JIJUT,NFLX,20150715,16:06:42,0.19,0.01,135,PDCEJGVYWJ,MTQZQKWWTY,False,0.05263157894736842,False,False
654,JP806JIJUS,SRCL,20150715,16:07:12,0.69,0.64,449,FRQVLNYPAD,FGSCOTVATF,True,0.9275362318840581,True,False
655,JPB06K50Y9,NFLX,20150715,16:09:00,0.66,0.01,246,RRRSRZJLTJ,WQGIBHZKJW,True,0.015151515151515152,False,True
656,JPEP6JIJUU,NFLX,20150715,16:11:13,0.35,0.25,305,CDPDWKBSCE,GWFKWTAIVR,False,0.7142857142857143,False,False
657,KFPL6JIJUQ,F,20150716,02:00:00,0.05,0.02,420,GGLCEQPELK,SDOTWXLQJY,False,0.39999999999999997,False,False
658,KFPL6JIJUQ,FCAU,20150716,02:00:00,0.35,0.14,388,AEBPYDPLBF,HFHDPUEAGM,False,0.4000000000000001,False,False
659,KRU26K50XU,UNH,20150716,06:01:14,0.51,0.36,329,YSKBLROOBB,HTDSPVVGPY,False,0.7058823529411764,False,False
660,KURT6K50Y1,BX,20150716,07:04:41,0.66,0.03,236,ONZNQHQDEM,EIYLEAQHIA,True,0.04545454545454545,False,True
661,KW8V6S972B,GS,20150716,07:36:31,0.25,0.23,110,IZKMACMHNN,IYRGIWIVFF,False,0.92,False,False
662,KWFJ6K50Y9,EBAY,20150716,07:40:31,0.87,0.34,421,QZOERYEXOX,AHWGAQDCHB,True,0.39080459770114945,False,True
663,KXBS6K50XT,C,20150716,07:59:52,0.31,0.15,480,EKXOJJVHJB,QIHHDYTEMZ,False,0.48387096774193544,False,False
666,KXFI6K50XV,EBAY,20150716,08:02:06,0.67,0.64,284,VECMPOZQIZ,UGCJUOPIHQ,True,0.9552238805970149,True,False
668,LJMZ6TTDS0,GOOGL,20150716,16:01:47,0.01,0.02,59,WKACBIMHYU,XNOUAKJUOB,False,2.0,False,False
669,MNUO6K50XU,GE,20150717,06:30:24,0.98,0.5,245,HTFJHNEOPL,SACMMZFCIT,True,0.5102040816326531,False,True
670,MPBG6K50Y3,HON,20150717,07:02:04,0.65,0.15,495,LUWZXZCAEU,UWUMEPUSZP,True,0.23076923076923075,False,True
671,SYED6K50XS,IBM,20150720,16:03:49,0.23,0.15,255,IBWELLPDOI,RWNIWYMZCX,False,0.6521739130434782,False,False
672,SYM66K50XT,KKR,20150720,16:08:30,0.85,0.31,29,KQJNUDXBUK,FDEQXRHHUW,True,0.36470588235294116,False,True
673,U3W96K50Y4,UTX,20150721,07:00:09,0.76,0.37,299,AABRRYHDMI,ZDHKOIDXKA,True,0.4868421052631579,False,True
674,U42U6K50XU,GLPI,20150721,07:04:06,0.77,0.78,169,SDOYLKYZOM,NUGTWCLEBS,True,1.012987012987013,True,False
675,U5BR6TTDSD,VZ,20150721,07:31:03,0.52,0.4,243,SECBHLGZAI,EABQYKHZNU,False,0.7692307692307693,False,False
676,UT4G6JIJVI,MSFT,20150721,16:05:04,0.23,0.09,127,AGXLKHBWGT,AWIBBBULAV,False,0.3913043478260869,False,False
678,UTSW6KLVRI,AAPL,20150721,16:30:00,0.65,0.51,364,FOSEXXTHMF,HGLMHJLEDY,True,0.7846153846153846,False,True
679,UXF76K50XZ,BA,20150721,17:37:55,0.9,0.02,110,ENKKYHLRXQ,SSRNLPLLSR,True,0.022222222222222223,False,True
680,UXF76K50XZ,FDX,20150721,17:37:55,0.37,0.26,333,IVJHKFGRFV,NLHHFYMGRL,False,0.7027027027027027,False,False
681,VY9B6K50XZ,EMC,20150722,06:53:35,0.61,0.36,284,SFRCSPMFTC,CXLJJUXLXP,True,0.5901639344262295,False,True
682,VYKT6K50XZ,STJ,20150722,07:00:29,0.77,0.13,407,UIYTENIARQ,LYSPRXTWBM,True,0.16883116883116883,False,True
683,VYKT6K50XZ,THOR,20150722,07:00:29,0.07,0.01,446,BVPHSUGENV,SDGGOVNNMF,False,0.14285714285714285,False,False
684,VZYQ6K50XT,KO,20150722,07:30:26,0.57,0.52,406,JZGCYQSWCT,JWPCNNZZQL,False,0.912280701754386,False,False
685,VZZ96KLVRB,BA,20150722,07:30:45,0.42,0.36,457,OASWPHESUR,FXRAHLLDDN,False,0.8571428571428571,False,False
686,W0NN6K50XY,ABT,20150722,07:45:23,0.89,0.8,108,BRJNCDLJDS,OLEUMFRZTO,True,0.8988764044943821,True,False
687,W2AN6K50XY,HD,20150722,08:20:47,0.29,0.27,487,CCLTCWXFCP,KENWTGQWOB,False,0.9310344827586208,False,False
688,WNMM6K50YC,QCOM,20150722,16:01:34,0.04,0.01,352,UVIBQEVZLI,XPWXZFKSRO,False,0.25,False,False
689,WNO86KLVR8,AXP,20150722,16:02:32,0.05,0.05,22,PABSBULPKU,QWYFRCJOIS,False,1.0,False,False
690,WNSF6K50Y7,QCOM,20150722,16:05:03,0.24,0.19,470,QSRGIZTONL,LMFPPJQFNE,False,0.7916666666666667,False,False
691,WP5A6KLVR9,TXN,20150722,16:34:22,0.78,0.02,51,LZOWNSWKCW,QEZSUANFNT,True,0.02564102564102564,False,True
692,WX3V6K50YH,ANTM,20150722,19:26:19,1.0,0.04,227,EXTZREURCO,HNRFNJPMBT,True,0.04,False,True
693,WX3V6K50YH,CI,20150722,19:26:19,0.03,0.01,94,RVQHYFRASU,GMICLOPAPB,False,0.33333333333333337,False,False
694,XQWX6K51OW,FCAU,20150723,06:10:09,0.11,0.1,381,AXGWRRXJUG,XWJYJSBKGQ,False,0.9090909090909092,False,False
695,XR1JSYF0B5,CMCSA,20150723,07:00:00,0.57,0.54,405,MKDHUOLUHH,VDKKZMXFUK,False,0.9473684210526317,False,False
696,XRBVSYF01S,BMY,20150723,07:30:00,0.56,0.32,238,LLCZUBDGWY,MUHKVZULKQ,False,0.5714285714285714,False,False
697,XRN16K50XT,LLY,20150723,06:25:49,0.05,0.04,137,IPIWRJBCHB,OLNBYMQEYX,False,0.7999999999999999,False,False
699,XTAG6K50Y3,MYL,20150723,07:01:28,0.82,0.54,43,HNVXUONLVZ,UJIVDPYKRB,True,0.6585365853658537,False,True
700,XUMY6JIJUO,GM,20150723,07:30:34,0.66,0.58,173,VINBVXYZZG,FFTFDHJCXH,True,0.8787878787878787,True,False
701,XUOC6KLVRA,CAT,20150723,07:31:24,0.43,0.36,426,IRZOJBSYAU,KGYVEGMMAK,False,0.8372093023255813,False,False
702,XVYW6K50XV,MCD,20150723,07:59:20,0.61,0.13,93,FQRBZLVEPO,IRFONLWZSH,True,0.21311475409836067,False,True
704,YIAJ6JTSEB,T,20150723,16:01:31,0.65,0.2,493,KMBOIBWHFF,MRPLLGNJDY,True,0.3076923076923077,False,True
705,YIHA6K50XZ,SBUX,20150723,16:05:34,0.59,0.26,117,NITAFYBAMD,ZTYNAQZDTS,False,0.44067796610169496,False,False
706,YIHH6K50Y2,V,20150723,16:05:41,0.49,0.18,267,LVTCKGXNIQ,JUEEZHBCEW,False,0.3673469387755102,False,False
707,YIP26K50Y1,AMZN,20150723,16:10:14,0.95,0.86,172,VVTKPLZZJM,LLDPQTBTRB,True,0.9052631578947369,True,False
708,YITR6JIJV5,BX,20150723,16:13:03,0.3,0.04,271,ETQATRKYEG,UMGXQNHJNC,False,0.13333333333333333,False,False
710,YPE36K50XV,ARCC,20150723,18:34:51,0.39,0.33,174,LUWVYJWFCV,RAWFZZIYQN,False,0.8461538461538461,False,False
711,YPE36K50XV,ARES,20150723,18:34:51,0.29,0.04,179,UXOYXWEVFW,AHOVSGTXQV,False,0.13793103448275865,False,False
713,ZL506K50YG,ANTM,20150724,06:00:36,0.56,0.15,386,UWNURNJBOL,OIMWJQDWDJ,False,0.26785714285714285,False,False
714,ZL506K50YG,CI,20150724,06:00:36,0.71,0.67,378,BRAFJSKSNW,EIHHLJNHHD,True,0.943661971830986,True,False
715,ZNGP6K50XV,BIIB,20150724,06:50:49,0.41,0.07,185,DVMQVFOTTH,FLJYSEUNZR,False,0.17073170731707318,False,False
716,ZQD36K50Y4,ABBV,20150724,07:53:27,0.65,0.26,243,BEAMOVQTUO,VVLRGNXCPF,True,0.4,False,True
717,ZXV76K50XT,FCAU,20150724,10:35:31,0.35,0.36,411,CJKGEPPSEC,AHFVUUUQDF,False,1.0285714285714287,False,False
718,08SO6K50Y2,T,20150724,14:31:36,0.91,0.67,453,QRGKSAYQGS,ESBHTJUHGH,True,0.7362637362637363,False,True
719,6BQL6KLVR5,DAL,20150727,21:20:45,0.45,0.41,207,NOQMSNEYHY,CRIKECBWBF,False,0.911111111111111,False,False
720,6OPT6S972C,HON,20150728,02:01:05,0.04,0.01,223,CIOQCTEVNP,TBXLLPKYPQ,False,0.25,False,False
721,6ZUB6JIJUT,DD,20150728,06:01:23,0.22,0.21,465,GFHETRRQMP,AVIZVSQXEL,False,0.9545454545454545,False,False
722,72JS6TTDS4,PFE,20150728,06:59:52,0.27,0.23,330,OCKVQGAZVV,WTKFTEHNXO,False,0.8518518518518519,False,False
723,72KL6K50XS,MRK,20150728,07:00:21,0.57,0.16,98,TWYBORRIEX,QIGIJQSHRE,False,0.28070175438596495,False,False
724,72M46K50Y3,F,20150728,07:01:16,0.49,0.47,468,YVDJPZKOSV,IVIFOYAVCJ,False,0.9591836734693877,False,False
725,74QH6K50XT,UPS,20150728,07:47:05,0.35,0.03,164,WENNLFVTWV,KNRJKQGSHK,False,0.08571428571428572,False,False
726,758H6KLVRC,AIG,20150728,08:30:00,0.09,0.08,328,JLQWQPZTII,QKEHGBKQKM,False,0.888888888888889,False,False
727,7RMO6K50Y0,GILD,20150728,16:01:36,0.19,0.03,7,OIUFJFPTSD,TKZOEZLBGP,False,0.15789473684210525,False,False
728,7RSL6K50XU,TWTR,20150728,16:05:09,0.37,0.18,41,PXAVLSUOZT,BPNCUVNQEF,False,0.48648648648648646,False,False
729,7RSS6K50XV,CTXS,20150728,16:05:16,0.76,0.42,489,ODECZBPDNA,VVXQDIZHQA,True,0.5526315789473684,False,True
730,7RVI6K50Y8,TWTR,20150728,16:06:54,0.32,0.04,88,PGCDGJOERX,ODWEFZSOMS,False,0.125,False,False
731,7VU36K50XZ,PG,20150728,17:32:27,0.77,0.2,263,KTWWMODMWL,DXCBJYOFWS,True,0.25974025974025977,False,True
732,8E0G6K50Y2,BA,20150729,00:05:04,0.85,0.14,157,TUKCILJDYQ,UAGYLBKVAO,True,0.1647058823529412,False,True
733,8YN06S972E,HES,20150729,07:30:36,0.58,0.54,418,DBZRXLCLSW,QMRRJSEXCF,False,0.9310344827586208,False,False
734,9LCK6K50XZ,MET,20150729,16:05:00,0.64,0.58,15,LIEUHOFUXE,VPZBRSBKAE,True,0.9062499999999999,True,False
735,9MAO6K50Y3,FB,20150729,16:01:36,0.47,0.14,109,GFWHNFDEHU,WEJFSJMBLU,False,0.29787234042553196,False,False
736,9MDJ6K50Y8,FB,20150729,16:03:19,0.54,0.06,216,ZGNSMDJDSR,WUBWSDTGJB,False,0.1111111111111111,False,False
737,9MG86K50XY,WFM,20150729,16:04:56,0.2,0.15,59,WFGXJMQVCL,CUFSWULABE,False,0.7499999999999999,False,False
738,AE6Q6K50XV,GS,20150730,02:04:02,0.58,0.43,25,LSLUWUZNYD,OQCOYGLTOR,False,0.7413793103448276,False,False
739,AP4Y6K50XV,CHTR,20150730,06:00:34,0.24,0.09,284,GFQGPMUJWC,OEEXFECCSR,False,0.375,False,False
740,ARX16S972R,COP,20150730,07:00:37,0.01,0.01,349,FVGMOEGMZQ,XKBMKCKLQF,False,1.0,False,False
741,ARZJ6K50Y3,PG,20150730,07:02:07,0.88,0.27,46,TDXMGVAKQD,RURDLRYGXD,True,0.3068181818181818,False,True
742,AVXJ6K50Y8,FCAU,20150730,08:27:19,0.78,0.4,105,DTGFSFLJPL,UOHTZWKWKS,True,0.5128205128205129,False,True
743,AVYJ6K50XT,FCAU,20150730,08:27:55,0.2,0.12,301,HXLWQYIRMN,PSNPSVHVIY,False,0.6,False,False
744,AW6F6K50Y3,FCAU,20150730,08:32:39,0.12,0.1,211,OAFIQDJCND,KXLYADXZKE,False,0.8333333333333334,False,False
747,BD9L6VDKHU,AMGN,20150730,16:01:06,0.62,0.13,394,MRGXPETLCV,YSCEYUHIAP,True,0.20967741935483872,False,True
748,CPDZ6K50Y3,XOM,20150731,08:01:11,0.8,0.16,412,LGPODVPUMV,TCCVKPSDUM,True,0.19999999999999998,False,True
750,CQJF6K50XT,UPS,20150731,08:26:03,0.33,0.29,274,BQFJBGUZMX,RLQMLJXOFJ,False,0.8787878787878787,False,False
751,CQV86K50Y7,CVX,20150731,08:33:08,0.42,0.22,447,PQACXKSMYX,FMCCJLPKQD,False,0.5238095238095238,False,False
752,CTI56TTDS8,FDX,20150731,09:30:05,0.2,0.03,312,WOMLYKVWSI,ZAVBQRGPGS,False,0.15,False,False
